artist,genre,track_name,year
Bad Bunny,latin,Diles,2016
Ozuna,latin,Diles,2016
Farruko,latin,Diles,2016
Arcángel,latin,Diles,2016
Ñengo Flow,latin,Diles,2016
DJ Luian,latin,Diles,2016
Mambo Kingz,latin,Diles,2016
Anuel AA,latin,Sola (Remix),2016
Daddy Yankee,latin,Sola (Remix),2016
Zion & Lennox,latin,Sola (Remix),2016
Farruko,latin,Sola (Remix),2016
Wisin,latin,Sola (Remix),2016
Bryant Myers,latin,Esclava - Remix,2016
Anuel AA,latin,Esclava - Remix,2016
Anonimus,latin,Esclava - Remix,2016
Almighty,latin,Esclava - Remix,2016
Gente De Zona,latin,La Gozadera (feat. Marc Anthony),2016
Marc Anthony,latin,La Gozadera (feat. Marc Anthony),2016
Anuel AA,latin,No Love,2016
Spiff TV,latin,No Love,2016
Arcángel,latin,Tu No Vive Asi (feat. Mambo Kingz & DJ Luian),2016
Bad Bunny,latin,Tu No Vive Asi (feat. Mambo Kingz & DJ Luian),2016
Mambo Kingz,latin,Tu No Vive Asi (feat. Mambo Kingz & DJ Luian),2016
DJ Luian,latin,Tu No Vive Asi (feat. Mambo Kingz & DJ Luian),2016
Maluma,latin,"Cuatro Babys (feat. Trap Capos, Noriel, Bryant Myers & Juhn)",2016
Trap Capos,latin,"Cuatro Babys (feat. Trap Capos, Noriel, Bryant Myers & Juhn)",2016
Noriel,latin,"Cuatro Babys (feat. Trap Capos, Noriel, Bryant Myers & Juhn)",2016
Bryant Myers,latin,"Cuatro Babys (feat. Trap Capos, Noriel, Bryant Myers & Juhn)",2016
Juhn,latin,"Cuatro Babys (feat. Trap Capos, Noriel, Bryant Myers & Juhn)",2016
Trap Capos,latin,Diablita (feat. Anuel AA & Baby Rasta),2016
Noriel,latin,Diablita (feat. Anuel AA & Baby Rasta),2016
Anuel AA,latin,Diablita (feat. Anuel AA & Baby Rasta),2016
Baby Rasta,latin,Diablita (feat. Anuel AA & Baby Rasta),2016
Bad Gyal,latin,Fiebre - Prod. King DouDou,2016
C. Tangana,latin,Antes de Morirme - feat. ROSALÍA,2016
ROSALÍA,latin,Antes de Morirme - feat. ROSALÍA,2016
Danny Ocean,latin,Me Rehúso,2016
Chino & Nacho,latin,Andas En Mi Cabeza,2016
Daddy Yankee,latin,Andas En Mi Cabeza,2016
Trap Capos,latin,"La Paso Cabrón (feat. Gigolo y La Exce, Falsetto y Sammy, Mike Duran & Baby Angel)",2016
Noriel,latin,"La Paso Cabrón (feat. Gigolo y La Exce, Falsetto y Sammy, Mike Duran & Baby Angel)",2016
Gigolo Y La Exce,latin,"La Paso Cabrón (feat. Gigolo y La Exce, Falsetto y Sammy, Mike Duran & Baby Angel)",2016
Sammy & Falsetto,latin,"La Paso Cabrón (feat. Gigolo y La Exce, Falsetto y Sammy, Mike Duran & Baby Angel)",2016
Mike Duran,latin,"La Paso Cabrón (feat. Gigolo y La Exce, Falsetto y Sammy, Mike Duran & Baby Angel)",2016
Baby Angel,latin,"La Paso Cabrón (feat. Gigolo y La Exce, Falsetto y Sammy, Mike Duran & Baby Angel)",2016
La Mafia del Amor,latin,Multiorgásmica,2016
Cosculluela,latin,Manicomio,2016
Anuel AA,latin,Nacimos Pa Morir (feat. Jory Boy),2016
Jory Boy,latin,Nacimos Pa Morir (feat. Jory Boy),2016
Zion & Lennox,latin,Otra Vez (feat. J Balvin),2016
J Balvin,latin,Otra Vez (feat. J Balvin),2016
CNCO,latin,Reggaetón Lento (Bailemos),2016
Bad Bunny,latin,Caile,2016
Bryant Myers,latin,Caile,2016
De La Ghetto,latin,Caile,2016
Revol,latin,Caile,2016
Zion,latin,Caile,2016
Bad Bunny,latin,Soy Peor,2016
Pepe Quintana,latin,"Ella Y Yo (feat. Farruko, Ozuna, Arcangel, Anuel AA, Bryant Myers, Kevin Roldan, Ñengo Flow, Alexis La Bestia & Ñejo) - Remix",2016
Alexis La Bestia,latin,"Ella Y Yo (feat. Farruko, Ozuna, Arcangel, Anuel AA, Bryant Myers, Kevin Roldan, Ñengo Flow, Alexis La Bestia & Ñejo) - Remix",2016
Anuel AA,latin,"Ella Y Yo (feat. Farruko, Ozuna, Arcangel, Anuel AA, Bryant Myers, Kevin Roldan, Ñengo Flow, Alexis La Bestia & Ñejo) - Remix",2016
Arcángel,latin,"Ella Y Yo (feat. Farruko, Ozuna, Arcangel, Anuel AA, Bryant Myers, Kevin Roldan, Ñengo Flow, Alexis La Bestia & Ñejo) - Remix",2016
Bryant Myers,latin,"Ella Y Yo (feat. Farruko, Ozuna, Arcangel, Anuel AA, Bryant Myers, Kevin Roldan, Ñengo Flow, Alexis La Bestia & Ñejo) - Remix",2016
Farruko,latin,"Ella Y Yo (feat. Farruko, Ozuna, Arcangel, Anuel AA, Bryant Myers, Kevin Roldan, Ñengo Flow, Alexis La Bestia & Ñejo) - Remix",2016
KEVIN ROLDAN,latin,"Ella Y Yo (feat. Farruko, Ozuna, Arcangel, Anuel AA, Bryant Myers, Kevin Roldan, Ñengo Flow, Alexis La Bestia & Ñejo) - Remix",2016
Ozuna,latin,"Ella Y Yo (feat. Farruko, Ozuna, Arcangel, Anuel AA, Bryant Myers, Kevin Roldan, Ñengo Flow, Alexis La Bestia & Ñejo) - Remix",2016
Ñejo,latin,"Ella Y Yo (feat. Farruko, Ozuna, Arcangel, Anuel AA, Bryant Myers, Kevin Roldan, Ñengo Flow, Alexis La Bestia & Ñejo) - Remix",2016
Ñengo Flow,latin,"Ella Y Yo (feat. Farruko, Ozuna, Arcangel, Anuel AA, Bryant Myers, Kevin Roldan, Ñengo Flow, Alexis La Bestia & Ñejo) - Remix",2016
Charly Black,latin,Gyal You a Party Animal - Remix,2016
Daddy Yankee,latin,Gyal You a Party Animal - Remix,2016
Atomic Otro Way,latin,Te De Campana,2016
Revol,latin,Me Ama Me Odia,2016
Ozuna,latin,Me Ama Me Odia,2016
Cosculluela,latin,Me Ama Me Odia,2016
Arcángel,latin,Me Ama Me Odia,2016
Brytiago,latin,Me Ama Me Odia,2016
Cosculluela,latin,Hola beba,2016
Trap Capos,latin,"Me Pelea (feat. Baby Rasta, Lito Kirino, Miky Woodz, Juhn & Jochy)",2016
Noriel,latin,"Me Pelea (feat. Baby Rasta, Lito Kirino, Miky Woodz, Juhn & Jochy)",2016
Baby Rasta,latin,"Me Pelea (feat. Baby Rasta, Lito Kirino, Miky Woodz, Juhn & Jochy)",2016
Lito Kirino,latin,"Me Pelea (feat. Baby Rasta, Lito Kirino, Miky Woodz, Juhn & Jochy)",2016
Miky Woodz,latin,"Me Pelea (feat. Baby Rasta, Lito Kirino, Miky Woodz, Juhn & Jochy)",2016
Juhn,latin,"Me Pelea (feat. Baby Rasta, Lito Kirino, Miky Woodz, Juhn & Jochy)",2016
Jochy,latin,"Me Pelea (feat. Baby Rasta, Lito Kirino, Miky Woodz, Juhn & Jochy)",2016
El Super Nuevo,latin,Superman Sin Capa,2016
Bryant Myers,latin,Hasta Que Me Muera,2016
La Mafia del Amor,latin,Tropical,2016
Mambo Kingz,latin,Me Reclama,2016
DJ Luian,latin,Me Reclama,2016
Luigi 21 Plus,latin,Me Reclama,2016
Ozuna,latin,Me Reclama,2016
Anuel AA,latin,En El Castillo,2016
J Balvin,latin,Safari,2016
Pharrell Williams,latin,Safari,2016
BIA,latin,Safari,2016
Sky Rompiendo,latin,Safari,2016
Lary Over,latin,Tu Me Enamoraste - Remix,2016
Anuel AA,latin,Tu Me Enamoraste - Remix,2016
Bryant Myers,latin,Tu Me Enamoraste - Remix,2016
Almighty,latin,Tu Me Enamoraste - Remix,2016
Brytiago,latin,Tu Me Enamoraste - Remix,2016
Anuel AA,latin,"Soldado Y Profeta (feat. Ozuna, Almighty, Kendo & Ñengo Flow)",2016
Ozuna,latin,"Soldado Y Profeta (feat. Ozuna, Almighty, Kendo & Ñengo Flow)",2016
Almighty,latin,"Soldado Y Profeta (feat. Ozuna, Almighty, Kendo & Ñengo Flow)",2016
Kendo Kaponi,latin,"Soldado Y Profeta (feat. Ozuna, Almighty, Kendo & Ñengo Flow)",2016
Ñengo Flow,latin,"Soldado Y Profeta (feat. Ozuna, Almighty, Kendo & Ñengo Flow)",2016
Anuel AA,latin,La Bella y La Bestia,2016
Almighty,latin,Asalto,2016
J Balvin,latin,Ginza,2016
Trap Capos,latin,"Quieres Enamorarme (feat. Bryant Myers, Juhn & Baby Rasta)",2016
Noriel,latin,"Quieres Enamorarme (feat. Bryant Myers, Juhn & Baby Rasta)",2016
Bryant Myers,latin,"Quieres Enamorarme (feat. Bryant Myers, Juhn & Baby Rasta)",2016
Juhn,latin,"Quieres Enamorarme (feat. Bryant Myers, Juhn & Baby Rasta)",2016
Baby Rasta,latin,"Quieres Enamorarme (feat. Bryant Myers, Juhn & Baby Rasta)",2016
Joey Montana,latin,Picky,2016
Yiyo Sarante,latin,Corazon de Acero,2016
Justin Quiles,latin,Si El Mundo Se Acabara,2016
Los De La Nazza,latin,Si El Mundo Se Acabara,2016
Maluma,latin,"Un Polvo (feat. Bad Bunny, Arcángel, Ñengo Flow & De La Ghetto)",2016
Bad Bunny,latin,"Un Polvo (feat. Bad Bunny, Arcángel, Ñengo Flow & De La Ghetto)",2016
Arcángel,latin,"Un Polvo (feat. Bad Bunny, Arcángel, Ñengo Flow & De La Ghetto)",2016
Ñengo Flow,latin,"Un Polvo (feat. Bad Bunny, Arcángel, Ñengo Flow & De La Ghetto)",2016
De La Ghetto,latin,"Un Polvo (feat. Bad Bunny, Arcángel, Ñengo Flow & De La Ghetto)",2016
La Mafia del Amor,latin,Xapiadora,2016
Nio Garcia,latin,Volverte A Ver (feat. Anuel Aa & Bryant Myers),2016
Amenazzy,latin,Voy Después,2016
Bryant Myers,latin,Por Qué Sigues con Él - Remix,2016
KEVIN ROLDAN,latin,Por Qué Sigues con Él - Remix,2016
Opi the Hit Machine,latin,Siempre Me Llama - Remix,2016
Farruko,latin,Siempre Me Llama - Remix,2016
Maldy,latin,Siempre Me Llama - Remix,2016
Yaviah,latin,Siempre Me Llama - Remix,2016
IAmChino,latin,Ay Mi Dios,2016
Pitbull,latin,Ay Mi Dios,2016
Yandel,latin,Ay Mi Dios,2016
El Chacal,latin,Ay Mi Dios,2016
Piso 21,latin,Me Llamas (feat. Maluma) - Remix,2016
Maluma,latin,Me Llamas (feat. Maluma) - Remix,2016
Jon Z,latin,"0 Sentimientos (feat. Baby Rasta, Darkiel, Messiah & Lyan) - Remix",2016
Noriel,latin,"0 Sentimientos (feat. Baby Rasta, Darkiel, Messiah & Lyan) - Remix",2016
Baby Rasta,latin,"0 Sentimientos (feat. Baby Rasta, Darkiel, Messiah & Lyan) - Remix",2016
Darkiel,latin,"0 Sentimientos (feat. Baby Rasta, Darkiel, Messiah & Lyan) - Remix",2016
Messiah,latin,"0 Sentimientos (feat. Baby Rasta, Darkiel, Messiah & Lyan) - Remix",2016
Lyan,latin,"0 Sentimientos (feat. Baby Rasta, Darkiel, Messiah & Lyan) - Remix",2016
Don Omar,latin,Te Quiero Pa´Mi,2016
Zion & Lennox,latin,Te Quiero Pa´Mi,2016
Nicky Jam,latin,En La Cama (feat. Daddy Yankee),2016
Daddy Yankee,latin,En La Cama (feat. Daddy Yankee),2016
Anuel AA,latin,Sola,2016
Farruko,latin,Lejos de Aquí,2016
Alvaro Soler,latin,Sofia,2016
Mueka,latin,DM - Remix,2016
Cosculluela,latin,DM - Remix,2016
J Balvin,latin,DM - Remix,2016
Arcángel,latin,DM - Remix,2016
De La Ghetto,latin,DM - Remix,2016
Lary Over,latin,Caribe Hilton,2016
Bryant Myers,latin,Caribe Hilton,2016
Klasico,latin,Corazon De Seda (feat. Ozuna),2016
Ozuna,latin,Corazon De Seda (feat. Ozuna),2016
Ñejo,latin,Esta Cabron (Remix),2016
"Gotay ""El Autentiko""",latin,Esta Cabron (Remix),2016
Anuel AA,latin,Esta Cabron (Remix),2016
Yomo,latin,Esta Cabron (Remix),2016
Pusho,latin,Esta Cabron (Remix),2016
Almighty,latin,Esta Cabron (Remix),2016
D.OZi,latin,Esta Cabron (Remix),2016
Jamby El Favo,latin,Esta Cabron (Remix),2016
La Mafia del Amor,latin,Bonita,2016
J Balvin,latin,Sigo Extrañándote,2016
Jacob Forever,latin,Hasta Que Se Seque el Malecón,2016
Farruko,latin,Passion Whine,2016
Sean Paul,latin,Passion Whine,2016
Trap Capos,latin,"La Llamada (feat. Darkiel, Almighty, Brytiago & Bryant Myers) - Remix",2016
Noriel,latin,"La Llamada (feat. Darkiel, Almighty, Brytiago & Bryant Myers) - Remix",2016
Darkiel,latin,"La Llamada (feat. Darkiel, Almighty, Brytiago & Bryant Myers) - Remix",2016
Almighty,latin,"La Llamada (feat. Darkiel, Almighty, Brytiago & Bryant Myers) - Remix",2016
Brytiago,latin,"La Llamada (feat. Darkiel, Almighty, Brytiago & Bryant Myers) - Remix",2016
Bryant Myers,latin,"La Llamada (feat. Darkiel, Almighty, Brytiago & Bryant Myers) - Remix",2016
Bomba Estéreo,latin,To My Love - Tainy Remix,2016
Tainy,latin,To My Love - Tainy Remix,2016
Juhn,latin,"Ahora Me Llama (Remix) [feat. Bryant Myers, Anonimus, Noriel, Brytiago & MikyWoodz]",2016
Bryant Myers,latin,"Ahora Me Llama (Remix) [feat. Bryant Myers, Anonimus, Noriel, Brytiago & MikyWoodz]",2016
Anonimus,latin,"Ahora Me Llama (Remix) [feat. Bryant Myers, Anonimus, Noriel, Brytiago & MikyWoodz]",2016
Noriel,latin,"Ahora Me Llama (Remix) [feat. Bryant Myers, Anonimus, Noriel, Brytiago & MikyWoodz]",2016
Brytiago,latin,"Ahora Me Llama (Remix) [feat. Bryant Myers, Anonimus, Noriel, Brytiago & MikyWoodz]",2016
Miky Woodz,latin,"Ahora Me Llama (Remix) [feat. Bryant Myers, Anonimus, Noriel, Brytiago & MikyWoodz]",2016
Enrique Iglesias,latin,DUELE EL CORAZON (feat. Wisin),2016
Wisin,latin,DUELE EL CORAZON (feat. Wisin),2016
Bad Gyal,latin,Mercadona - Prod. Fakeguido,2016
Amenazzy,latin,Me Hace Falta,2016
R.K.M & Ken-Y,latin,Down,2016
Maka,latin,Curando Cicatrices,2016
Pepe Quintana,latin,"Ella y Yo (feat. Farruko, Tempo, Anuel AA, Almighty & Bryant Myers)",2016
Almighty,latin,"Ella y Yo (feat. Farruko, Tempo, Anuel AA, Almighty & Bryant Myers)",2016
Anuel AA,latin,"Ella y Yo (feat. Farruko, Tempo, Anuel AA, Almighty & Bryant Myers)",2016
Bryant Myers,latin,"Ella y Yo (feat. Farruko, Tempo, Anuel AA, Almighty & Bryant Myers)",2016
Farruko,latin,"Ella y Yo (feat. Farruko, Tempo, Anuel AA, Almighty & Bryant Myers)",2016
Tempo,latin,"Ella y Yo (feat. Farruko, Tempo, Anuel AA, Almighty & Bryant Myers)",2016
Darell,latin,Ponte en Posicion,2016
Ñengo Flow,latin,Ponte en Posicion,2016
Sinfonico,latin,Ponte en Posicion,2016
Mike Duran,latin,"Culpable Remix (feat. Anuel AA, Kevin Roldan, Bryant Myers, Noriel & Darkiel)",2016
Anuel AA,latin,"Culpable Remix (feat. Anuel AA, Kevin Roldan, Bryant Myers, Noriel & Darkiel)",2016
Noriel,latin,"Culpable Remix (feat. Anuel AA, Kevin Roldan, Bryant Myers, Noriel & Darkiel)",2016
KEVIN ROLDAN,latin,"Culpable Remix (feat. Anuel AA, Kevin Roldan, Bryant Myers, Noriel & Darkiel)",2016
Bryant Myers,latin,"Culpable Remix (feat. Anuel AA, Kevin Roldan, Bryant Myers, Noriel & Darkiel)",2016
Darkiel,latin,"Culpable Remix (feat. Anuel AA, Kevin Roldan, Bryant Myers, Noriel & Darkiel)",2016
La Mafia del Amor,latin,Ya Noi,2016
Maka,latin,Donde Nacen los Dolores,2016
DELLAFUENTE,latin,Donde Nacen los Dolores,2016
Gente De Zona,latin,Traidora (feat. Marc Anthony),2016
Marc Anthony,latin,Traidora (feat. Marc Anthony),2016
Celia Cruz,latin,La Vida Es Un Carnaval,2016
Benny Benni,latin,"Maliante Hp (Remix) [feat. Anuel Aa, Farruko, Almighty, Darkiel, Bryant Myers, Nio Garcia & Noriel]",2016
Anuel AA,latin,"Maliante Hp (Remix) [feat. Anuel Aa, Farruko, Almighty, Darkiel, Bryant Myers, Nio Garcia & Noriel]",2016
Farruko,latin,"Maliante Hp (Remix) [feat. Anuel Aa, Farruko, Almighty, Darkiel, Bryant Myers, Nio Garcia & Noriel]",2016
Almighty,latin,"Maliante Hp (Remix) [feat. Anuel Aa, Farruko, Almighty, Darkiel, Bryant Myers, Nio Garcia & Noriel]",2016
Darkiel,latin,"Maliante Hp (Remix) [feat. Anuel Aa, Farruko, Almighty, Darkiel, Bryant Myers, Nio Garcia & Noriel]",2016
Bryant Myers,latin,"Maliante Hp (Remix) [feat. Anuel Aa, Farruko, Almighty, Darkiel, Bryant Myers, Nio Garcia & Noriel]",2016
Nio Garcia,latin,"Maliante Hp (Remix) [feat. Anuel Aa, Farruko, Almighty, Darkiel, Bryant Myers, Nio Garcia & Noriel]",2016
Noriel,latin,"Maliante Hp (Remix) [feat. Anuel Aa, Farruko, Almighty, Darkiel, Bryant Myers, Nio Garcia & Noriel]",2016
El Super Nuevo,latin,Cuando Bebo,2016
J Balvin,latin,Bobo,2016
Zion & Lennox,latin,Mi tesoro (feat. Nicky Jam),2016
Nicky Jam,latin,Mi tesoro (feat. Nicky Jam),2016
Ozuna,latin,En la Intimidad,2016
Bryant Myers,latin,Mera Bebe,2016
Almighty,latin,Adderall,2016
Mym,latin,Adderall,2016
R.K.M & Ken-Y,latin,Igual Que Ayer,2016
Ozuna,latin,Un Bellaqueo,2016
Pusho,latin,Un Bellaqueo,2016
Alexio,latin,Un Bellaqueo,2016
Juanka,latin,Un Bellaqueo,2016
Alexio,latin,Tarara - Remix,2016
Farruko,latin,Tarara - Remix,2016
Ozuna,latin,Tarara - Remix,2016
Arcángel,latin,Tarara - Remix,2016
Zion,latin,Tarara - Remix,2016
Cosculluela,latin,Tarara - Remix,2016
Anuel AA,latin,47,2016
Ñengo Flow,latin,47,2016
Sinfonico,latin,47,2016
Trap Capos,latin,Amigos y Enemigos,2016
Noriel,latin,Amigos y Enemigos,2016
Daddy Yankee,latin,Shaky Shaky,2016
Maka,latin,Gracias a Ti,2016
Bebe,latin,Respirar,2016
Bryant Myers,latin,En Que País,2016
Zion & Lennox,latin,Embriágame,2016
Maka,latin,Mi Religion,2016
Lary Over,latin,Snap Chat - Remix,2016
Anuel AA,latin,Snap Chat - Remix,2016
Bad Gyal,latin,Turn Me On - Prod. Faberoa,2016
Elvis KNK,latin,Turn Me On - Prod. Faberoa,2016
Bryant Myers,latin,En Otra Dimension,2016
Anonimus,latin,Amor de Calle,2016
Anuel AA,latin,Amor de Calle,2016
Alexis,latin,Amor de Calle,2016
Amenazzy,latin,La Chanty - Remix,2016
Arcángel,latin,La Chanty - Remix,2016
Justin Quiles,latin,Ocean Park,2016
Los De La Nazza,latin,Ocean Park,2016
Maka,latin,Mi Primer Amor,2016
La Mafia del Amor,latin,Luv Mob,2016
"Tito ""El Bambino""",latin,Ay Mami (La Sociedad Del Dinero) [Millionaire Trap],2016
Bryant Myers,latin,Ay Mami (La Sociedad Del Dinero) [Millionaire Trap],2016
Noriel,latin,"La Llamada (Remix) [feat. Brytiago, Bryant Myers, Darkiel & Almighty]",2016
Brytiago,latin,"La Llamada (Remix) [feat. Brytiago, Bryant Myers, Darkiel & Almighty]",2016
Bryant Myers,latin,"La Llamada (Remix) [feat. Brytiago, Bryant Myers, Darkiel & Almighty]",2016
Darkiel,latin,"La Llamada (Remix) [feat. Brytiago, Bryant Myers, Darkiel & Almighty]",2016
Almighty,latin,"La Llamada (Remix) [feat. Brytiago, Bryant Myers, Darkiel & Almighty]",2016
Mackie,latin,Solo Piensa,2016
J Alvarez,latin,Solo Piensa,2016
Ñengo Flow,latin,Solo Piensa,2016
Yai y Toly,latin,Solo Piensa,2016
Jessi Uribe,latin,Matemos las Ganas,2016
Rafaga,latin,Una Cerveza,2016
Jetson El Super,latin,Gotas de Sudor Remix (feat. Ñengo Flow),2016
Sniper SP,latin,Gotas de Sudor Remix (feat. Ñengo Flow),2016
Ñengo Flow,latin,Gotas de Sudor Remix (feat. Ñengo Flow),2016
Rawayana,latin,High (feat. Apache),2016
Apache,latin,High (feat. Apache),2016
Danny Paz,latin,Un Beso,2016
El Villano,latin,Un Beso,2016
R.K.M & Ken-Y,latin,Me Matas,2016
Bryant Myers,latin,Por Qué Sigues con Él,2016
Maikel Delacalle,latin,Llegué Yo,2016
Maka,latin,Si No Es Contigo,2016
Santana the Golden Boy,latin,En Su Nota,2016
Noriel,latin,En Su Nota,2016
Baby Rasta,latin,En Su Nota,2016
Bryant Myers,latin,En Su Nota,2016
Anonimus,latin,En Su Nota,2016
Brytiago,latin,En Su Nota,2016
Lito Kirino,latin,Coronamos,2016
Anuel AA,latin,Coronamos,2016
Yandel,latin,Encantadora (feat. Farruko & Zion & Lennox) - Remix,2016
Farruko,latin,Encantadora (feat. Farruko & Zion & Lennox) - Remix,2016
Zion & Lennox,latin,Encantadora (feat. Farruko & Zion & Lennox) - Remix,2016
Egbert Rosa aka Haze,latin,Encantadora (feat. Farruko & Zion & Lennox) - Remix,2016
J Alvarez,latin,Tentandome,2016
Anuel AA,latin,Tentandome,2016
Benny Benni,latin,Maliante Hp (feat. Anuel Aa),2016
Anuel AA,latin,Maliante Hp (feat. Anuel Aa),2016
Maikel Delacalle,latin,Mi Nena,2016
Xriz,latin,Mi corazón (feat. Buxxi),2016
Buxxi,latin,Mi corazón (feat. Buxxi),2016
Ozuna,latin,"Me Reclama (Remix) [feat. Luigi 21 Plus, Alexio & Pusho]",2016
KEVIN ROLDAN,latin,"Me Reclama (Remix) [feat. Luigi 21 Plus, Alexio & Pusho]",2016
Mambo Kingz,latin,"Me Reclama (Remix) [feat. Luigi 21 Plus, Alexio & Pusho]",2016
DJ Luian,latin,"Me Reclama (Remix) [feat. Luigi 21 Plus, Alexio & Pusho]",2016
Luigi 21 Plus,latin,"Me Reclama (Remix) [feat. Luigi 21 Plus, Alexio & Pusho]",2016
Alexio,latin,"Me Reclama (Remix) [feat. Luigi 21 Plus, Alexio & Pusho]",2016
Pusho,latin,"Me Reclama (Remix) [feat. Luigi 21 Plus, Alexio & Pusho]",2016
Ozuna,latin,Si No Te Quiere - Remix,2016
Arcángel,latin,Si No Te Quiere - Remix,2016
Farruko,latin,Si No Te Quiere - Remix,2016
Bryant Myers,latin,De Camino a Marte - Remix,2016
Almighty,latin,De Camino a Marte - Remix,2016
Juanka,latin,De Camino a Marte - Remix,2016
Brytiago,latin,De Camino a Marte - Remix,2016
Darkiel,latin,De Camino a Marte - Remix,2016
Noriel,latin,De Camino a Marte - Remix,2016
Darell,latin,De Camino a Marte - Remix,2016
Zion & Lennox,latin,Embriágame (feat. Don Omar) - Remix,2016
Don Omar,latin,Embriágame (feat. Don Omar) - Remix,2016
Cosculluela,latin,La boda (feat. O'Neill & Kendo),2016
Kendo,latin,La boda (feat. O'Neill & Kendo),2016
O'Neill,latin,La boda (feat. O'Neill & Kendo),2016
Leka el Poeta,latin,Ella Quiere Hmm... Haa... Hmm... - DJ Yayo Remix Yayo Remix,2016
Mishelle Master Boys,latin,Ella Quiere Hmm... Haa... Hmm... - DJ Yayo Remix Yayo Remix,2016
DJ Yayo,latin,Ella Quiere Hmm... Haa... Hmm... - DJ Yayo Remix Yayo Remix,2016
Atomic Otro Way,latin,Luz Clarita,2016
Sanluis,latin,Se Acabó,2016
Chino & Nacho,latin,Se Acabó,2016
La Mafia del Amor,latin,Lmda,2016
Justin Quiles,latin,Desaparecida,2016
Almighty,latin,Panda - Remix,2016
Daddy Yankee,latin,Panda - Remix,2016
Cosculluela,latin,Panda - Remix,2016
Vicente Garcia,latin,Carmesí,2016
Ozuna,latin,No Quiere Enamorarse - Remix,2016
Daddy Yankee,latin,No Quiere Enamorarse - Remix,2016
Luigi 21 Plus,latin,Los Favoritos,2016
Guayacán Orquesta,latin,Ay Amor,2016
Kaydy Cain,latin,Désolé,2016
Trapani,latin,Désolé,2016
Juan Magán,latin,Baila Conmigo,2016
Luciana,latin,Baila Conmigo,2016
Henry Mendez,latin,Pa Que Lo Bailes,2016
Atomic Otro Way,latin,Tu Vecino,2016
Buuoy,latin,Leal (feat. Ozuna),2016
Ozuna,latin,Leal (feat. Ozuna),2016
Nio Garcia,latin,"La Detective (Remix) [feat. Kendo Kaponi, Cosculluela & Anuel Aa]",2016
Kendo Kaponi,latin,"La Detective (Remix) [feat. Kendo Kaponi, Cosculluela & Anuel Aa]",2016
Cosculluela,latin,"La Detective (Remix) [feat. Kendo Kaponi, Cosculluela & Anuel Aa]",2016
Anuel AA,latin,"La Detective (Remix) [feat. Kendo Kaponi, Cosculluela & Anuel Aa]",2016
Anuel AA,latin,No Soy Romantico,2016
CNCO,latin,Tan Fácil,2016
Juan Magán,latin,Quiero Que Sepas,2016
Maka,latin,Diluvio en Mis Ojos,2016
Haze,latin,Diluvio en Mis Ojos,2016
Atomic Otro Way,latin,El Humo,2016
Frank Miami,latin,Liberace,2016
Farruko,latin,Liberace,2016
Anuel AA,latin,Liberace,2016
Le Magic,latin,One Dancehall,2016
Keko Musik,latin,One Dancehall,2016
Ozuna,latin,One Dancehall,2016
Ñengo Flow,latin,One Dancehall,2016
Zion & Lennox,latin,One Dancehall,2016
Carlos Baute,latin,Amor y dolor,2016
Alexis y Fido,latin,Amor y dolor,2016
Luigi 21 Plus,latin,Gata Oficial,2016
Luigi 21 Plus,latin,Obligao,2016
Jory Boy,latin,La Noche Oscura (feat. Anuel AA),2016
Anuel AA,latin,La Noche Oscura (feat. Anuel AA),2016
Mackie,latin,La Unica Cura,2016
Ñengo Flow,latin,La Unica Cura,2016
Gadiel,latin,Has Cambiado (feat. Justin Quiles),2016
Justin Quiles,latin,Has Cambiado (feat. Justin Quiles),2016
Wolfine,latin,Julieta (feat. Ñengo Flow) - Remix,2016
Ñengo Flow,latin,Julieta (feat. Ñengo Flow) - Remix,2016
Miranda!,latin,Tu Misterioso Alguien,2016
Amenazzy,latin,Vas a Repetirlo,2016
Ñejo & Dalmata,latin,No Necesito,2016
Rocío Dúrcal,latin,Y Nos Dieron las Diez,2016
Joaquín Sabina,latin,Y Nos Dieron las Diez,2016
Jowell & Randy,latin,Guadalupe,2016
Dasoul,latin,Todas Las Promesas,2016
Bad Gyal,latin,Despacio - Prod. AC3,2016
Ms. Nina,latin,Despacio - Prod. AC3,2016
La Mafia del Amor,latin,No Me Dejes Solo,2016
TIMBALIVE,latin,Duplicandote la Dosis,2016
Roberton 'van Van',latin,Duplicandote la Dosis,2016
Oro Solido,latin,Abusadora,2016
D-Enyel,latin,Hablale,2016
Ozuna,latin,Hablale,2016
Alexio La Bestia,latin,Hablale,2016
Tony Brouzee,latin,Lokita (feat. Brytiago),2016
Brytiago,latin,Lokita (feat. Brytiago),2016
Anuel AA,latin,Pronto Volveré,2016
León Larregui,latin,Locos,2016
Deorro,latin,Bailar (feat. Pitbull & Elvis Crespo),2016
Pitbull,latin,Bailar (feat. Pitbull & Elvis Crespo),2016
Elvis Crespo,latin,Bailar (feat. Pitbull & Elvis Crespo),2016
Dasoul,latin,Vuela Corazón,2016
Gente De Zona,latin,Algo Contigo,2016
Super Yei,latin,"Me Quieren Matar (feat. Kendo Kaponi, Farruko, Ozuna, Cosculluela, Anuel Aa, Juanka, Pacho & Noriel)",2016
Kendo Kaponi,latin,"Me Quieren Matar (feat. Kendo Kaponi, Farruko, Ozuna, Cosculluela, Anuel Aa, Juanka, Pacho & Noriel)",2016
Farruko,latin,"Me Quieren Matar (feat. Kendo Kaponi, Farruko, Ozuna, Cosculluela, Anuel Aa, Juanka, Pacho & Noriel)",2016
Ozuna,latin,"Me Quieren Matar (feat. Kendo Kaponi, Farruko, Ozuna, Cosculluela, Anuel Aa, Juanka, Pacho & Noriel)",2016
Cosculluela,latin,"Me Quieren Matar (feat. Kendo Kaponi, Farruko, Ozuna, Cosculluela, Anuel Aa, Juanka, Pacho & Noriel)",2016
Anuel AA,latin,"Me Quieren Matar (feat. Kendo Kaponi, Farruko, Ozuna, Cosculluela, Anuel Aa, Juanka, Pacho & Noriel)",2016
Juanka,latin,"Me Quieren Matar (feat. Kendo Kaponi, Farruko, Ozuna, Cosculluela, Anuel Aa, Juanka, Pacho & Noriel)",2016
Pacho,latin,"Me Quieren Matar (feat. Kendo Kaponi, Farruko, Ozuna, Cosculluela, Anuel Aa, Juanka, Pacho & Noriel)",2016
Noriel,latin,"Me Quieren Matar (feat. Kendo Kaponi, Farruko, Ozuna, Cosculluela, Anuel Aa, Juanka, Pacho & Noriel)",2016
Cali Flow Latino,latin,Ras Tas Tas Full Hd,2016
Opi the Hit Machine,latin,Love Machine - Remix,2016
Farruko,latin,Love Machine - Remix,2016
Ñengo Flow,latin,Love Machine - Remix,2016
Voltio,latin,Love Machine - Remix,2016
Gente De Zona,latin,Mas Macarena (feat. Los Del Rio),2016
Los Del Rio,latin,Mas Macarena (feat. Los Del Rio),2016
Joel Santos,latin,Si Esta Casa Hablara (Bachata Version),2016
Felipe Muñiz,latin,Deje de Amar,2016
Marc Anthony,latin,Deje de Amar,2016
Reik,latin,Ya Me Enteré (feat. Nicky Jam) - Urban Version,2016
Nicky Jam,latin,Ya Me Enteré (feat. Nicky Jam) - Urban Version,2016
Pipe Bueno,latin,No Voy a Morir,2016
Vicente Garcia,latin,Te Soñé - Bonus Track,2016
El Varon de la bachata,latin,Que Sera de Mi,2016
Luigi 21 Plus,latin,Daga Adicta,2016
CNCO,latin,Para Enamorarte,2016
Pusho,latin,Te Fuistes,2016
Ozuna,latin,Te Fuistes,2016
Lenny Tavárez,latin,No Quiere Amor (feat. Farruko),2016
Farruko,latin,No Quiere Amor (feat. Farruko),2016
Ozuna,latin,El Pecado,2016
Justin Quiles,latin,Vacaciones Por Tu Cuerpo,2016
Los De La Nazza,latin,Vacaciones Por Tu Cuerpo,2016
Dustin Richie,latin,Bachata a Lo Loco,2016
Banda MS de Sergio Lizárraga,latin,Me Vas a Extrañar,2016
Cosculluela,latin,A dónde voy (feat. Daddy Yankee),2016
Daddy Yankee,latin,A dónde voy (feat. Daddy Yankee),2016
Eloy,latin,El Malo,2016
Jowell & Randy,latin,Me Prefieren (feat. Ñengo Flow),2016
Ñengo Flow,latin,Me Prefieren (feat. Ñengo Flow),2016
Almighty,latin,Mariscos de Red Lobster,2016
Yung Beef,latin,Mercedes McLaren SLR (feat. DELLAFUENTE),2016
DELLAFUENTE,latin,Mercedes McLaren SLR (feat. DELLAFUENTE),2016
La Sonora Dinamita,latin,Qué Bello,2016
Kika Edgar,latin,Qué Bello,2016
Ken-Y,latin,Como Lo Hacia Yo (Official Remix),2016
Arcángel,latin,Como Lo Hacia Yo (Official Remix),2016
Nicky Jam,latin,Como Lo Hacia Yo (Official Remix),2016
Zion,latin,Como Lo Hacia Yo (Official Remix),2016
Espinoza Paz,latin,Olvido Intencional,2016
Cosculluela,latin,Si me dices que sí (feat. Nicky Jam),2016
Nicky Jam,latin,Si me dices que sí (feat. Nicky Jam),2016
Alex Rose,latin,Percocet,2016
Los 4,latin,Cuando Acaba el Placer,2016
Mayco D' Alma,latin,Cuando Acaba el Placer,2016
Opi the Hit Machine,latin,Nos Vamos de Shopping - Remix,2016
Farruko,latin,Nos Vamos de Shopping - Remix,2016
Yaga & Mackie,latin,Nos Vamos de Shopping - Remix,2016
Arcángel,latin,Nos Vamos de Shopping - Remix,2016
J Alvarez,latin,Nos Vamos de Shopping - Remix,2016
Jory Boy,latin,Nos Vamos de Shopping - Remix,2016
Oro Solido,latin,Se Encendio el Beeper,2016
Fernando Burbano,latin,Ahora Que Puedo,2016
DeeWunn,latin,Mek It Bunx Up (feat. Marcy Chin),2016
Marcy Chin,latin,Mek It Bunx Up (feat. Marcy Chin),2016
CNCO,latin,Quisiera,2016
Justin Quiles,latin,Gladiadora,2016
Los De La Nazza,latin,Gladiadora,2016
Kola Loka,latin,El Cachito,2016
La Mafia del Amor,latin,Voulez Vous,2016
El Combo Perfecto,latin,Voulez Vous,2016
Bad Gyal,latin,Dinero - Prod. Fakeguido,2016
Upchurch,latin,Dirty Boys,2016
091,latin,2000 Locos,2016
Los Flechazos,latin,Suzette,2016
Romeo Santos,latin,Imitadora,2017
Ozuna,latin,Se Preparó,2017
Prince Royce,latin,La Carretera,2017
Ozuna,latin,El Farsante,2017
Ozuna,latin,Dile Que Tu Me Quieres,2017
Chris Jedi,latin,Ahora Dice,2017
J Balvin,latin,Ahora Dice,2017
Ozuna,latin,Ahora Dice,2017
Arcángel,latin,Ahora Dice,2017
Trap Capos,latin,Amigos y Enemigos (feat. Bad Bunny & Almighty) - Remix,2017
Noriel,latin,Amigos y Enemigos (feat. Bad Bunny & Almighty) - Remix,2017
Bad Bunny,latin,Amigos y Enemigos (feat. Bad Bunny & Almighty) - Remix,2017
Almighty,latin,Amigos y Enemigos (feat. Bad Bunny & Almighty) - Remix,2017
Jory Boy,latin,No Te Hagas,2017
Bad Bunny,latin,No Te Hagas,2017
Romeo Santos,latin,Sobredosis (feat. Ozuna),2017
Ozuna,latin,Sobredosis (feat. Ozuna),2017
C. Tangana,latin,Mala Mujer,2017
Brytiago,latin,Netflixxx,2017
Bad Bunny,latin,Netflixxx,2017
J Balvin,latin,Si Tu Novio Te Deja Sola,2017
Bad Bunny,latin,Si Tu Novio Te Deja Sola,2017
Nicky Jam,latin,El Perdón (with Enrique Iglesias),2017
Enrique Iglesias,latin,El Perdón (with Enrique Iglesias),2017
Alex Rose,latin,Percocet (Remix),2017
Lenny Tavárez,latin,Percocet (Remix),2017
Quimico Ultra Mega,latin,Percocet (Remix),2017
Chris Wandell,latin,Percocet (Remix),2017
Justin Quiles,latin,Egoísta,2017
Shakira,latin,Chantaje (feat. Maluma),2017
Maluma,latin,Chantaje (feat. Maluma),2017
Nicky Jam,latin,El Amante,2017
Nicky Jam,latin,Hasta el Amanecer,2017
Anitta,latin,Downtown,2017
J Balvin,latin,Downtown,2017
Ozuna,latin,Síguelo Bailando,2017
Bad Bunny,latin,Pa Ti,2017
Bryant Myers,latin,Pa Ti,2017
J Balvin,latin,Bonita,2017
Jowell & Randy,latin,Bonita,2017
Ozuna,latin,Bebé,2017
Anuel AA,latin,Bebé,2017
Mora,latin,Pensabas,2017
Joyce Santana,latin,Pensabas,2017
Brray,latin,Pensabas,2017
Eladio Carrion,latin,Pensabas,2017
Nicky Jam,latin,Si Tú La Ves (feat. Wisin),2017
Wisin,latin,Si Tú La Ves (feat. Wisin),2017
Bad Bunny,latin,Sensualidad,2017
Prince Royce,latin,Sensualidad,2017
J Balvin,latin,Sensualidad,2017
Mambo Kingz,latin,Sensualidad,2017
DJ Luian,latin,Sensualidad,2017
Daddy Yankee,latin,La Rompe Corazones,2017
Ozuna,latin,La Rompe Corazones,2017
Bryant Myers,latin,Un Ratito Mas,2017
Bad Bunny,latin,Un Ratito Mas,2017
Justin Quiles,latin,Si Ella Quisiera,2017
Ñengo Flow,latin,Baby Lover,2017
Wisin,latin,Escápate Conmigo (feat. Ozuna),2017
Ozuna,latin,Escápate Conmigo (feat. Ozuna),2017
Romeo Santos,latin,Bella y Sensual,2017
Daddy Yankee,latin,Bella y Sensual,2017
Nicky Jam,latin,Bella y Sensual,2017
Ñengo Flow,latin,Hoy (feat. Bad Bunny),2017
Bad Bunny,latin,Hoy (feat. Bad Bunny),2017
Bad Bunny,latin,Chambea,2017
KAROL G,latin,Ahora Me Llama,2017
Bad Bunny,latin,Ahora Me Llama,2017
Amenazzy,latin,Solo,2017
Lary Over,latin,Solo,2017
Arcángel,latin,Me Acostumbre (feat. Bad Bunny),2017
Bad Bunny,latin,Me Acostumbre (feat. Bad Bunny),2017
Arcángel,latin,Po' encima (feat. Bryant Myers),2017
Bryant Myers,latin,Po' encima (feat. Bryant Myers),2017
Ozuna,latin,Tú Foto,2017
Rauw Alejandro,latin,La Oportunidad,2017
Yandel,latin,Explícale (feat. Bad Bunny),2017
Bad Bunny,latin,Explícale (feat. Bad Bunny),2017
DJ Nelson,latin,Ayer,2017
Anuel AA,latin,Ayer,2017
Ele A El Dominio,latin,Tu Chapo,2017
Ñengo Flow,latin,Otra Mujer,2017
Bryant Myers,latin,Otra Mujer,2017
Ele A El Dominio,latin,Mi Puta,2017
Shakira,latin,Perro Fiel (feat. Nicky Jam),2017
Nicky Jam,latin,Perro Fiel (feat. Nicky Jam),2017
KAROL G,latin,A Ella,2017
Ñengo Flow,latin,Vibora,2017
KHEA,latin,Loca,2017
Duki,latin,Loca,2017
Cazzu,latin,Loca,2017
Omar Varela,latin,Loca,2017
MYKKA,latin,Loca,2017
Kidd Keo,latin,Superstars,2017
Ozuna,latin,Si No Te Quiere,2017
NATTI NATASHA,latin,Criminal,2017
Ozuna,latin,Criminal,2017
Ozuna,latin,Egoísta,2017
Zion & Lennox,latin,Egoísta,2017
Alex Sensation,latin,Que Va,2017
Ozuna,latin,Que Va,2017
Lalo Rodriguez,latin,Ven Devórame Otra Vez,2017
Bad Bunny,latin,Tu No Metes Cabra,2017
Anuel AA,latin,"Ayer 2 (feat. Dj Nelson, J Balvin, Nicky Jam, Cosculluela)",2017
DJ Nelson,latin,"Ayer 2 (feat. Dj Nelson, J Balvin, Nicky Jam, Cosculluela)",2017
J Balvin,latin,"Ayer 2 (feat. Dj Nelson, J Balvin, Nicky Jam, Cosculluela)",2017
Nicky Jam,latin,"Ayer 2 (feat. Dj Nelson, J Balvin, Nicky Jam, Cosculluela)",2017
Cosculluela,latin,"Ayer 2 (feat. Dj Nelson, J Balvin, Nicky Jam, Cosculluela)",2017
Nicky Jam,latin,El Amante (feat. Ozuna & Bad Bunny) - Remix,2017
Ozuna,latin,El Amante (feat. Ozuna & Bad Bunny) - Remix,2017
Bad Bunny,latin,El Amante (feat. Ozuna & Bad Bunny) - Remix,2017
Bryant Myers,latin,Viejos Tiempos,2017
Prince Royce,latin,Deja vu,2017
Shakira,latin,Deja vu,2017
Jon Z,latin,Vas a Querer Volver - Bonus Track,2017
Ñengo Flow,latin,Vas a Querer Volver - Bonus Track,2017
Cali Y El Dandee,latin,Lumbra,2017
Shaggy,latin,Lumbra,2017
Enrique Iglesias,latin,SUBEME LA RADIO,2017
Descemer Bueno,latin,SUBEME LA RADIO,2017
Zion & Lennox,latin,SUBEME LA RADIO,2017
"Franco ""El Gorilla""",latin,Dentro de Ti,2017
Anonimus,latin,Dentro de Ti,2017
Eloy,latin,Dentro de Ti,2017
Bryant Myers,latin,Dentro de Ti,2017
Kaydy Cain,latin,La Novia del Dealer,2017
AC3,latin,La Novia del Dealer,2017
"Tito ""El Bambino""",latin,¿Por Qué Les Mientes?,2017
Marc Anthony,latin,¿Por Qué Les Mientes?,2017
Nicky Jam,latin,Por el Momento (feat. Plan B),2017
Plan B,latin,Por el Momento (feat. Plan B),2017
Anuel AA,latin,Ceniza En Cenicero,2017
El Vega,latin,Te Encontre,2017
Manuel Turizo,latin,Una Lady Como Tú,2017
Wisin,latin,"Escápate Conmigo (feat. Ozuna, Bad Bunny, De La Ghetto, Arcángel, Noriel & Almighty) - Remix",2017
Ozuna,latin,"Escápate Conmigo (feat. Ozuna, Bad Bunny, De La Ghetto, Arcángel, Noriel & Almighty) - Remix",2017
Bad Bunny,latin,"Escápate Conmigo (feat. Ozuna, Bad Bunny, De La Ghetto, Arcángel, Noriel & Almighty) - Remix",2017
De La Ghetto,latin,"Escápate Conmigo (feat. Ozuna, Bad Bunny, De La Ghetto, Arcángel, Noriel & Almighty) - Remix",2017
Arcángel,latin,"Escápate Conmigo (feat. Ozuna, Bad Bunny, De La Ghetto, Arcángel, Noriel & Almighty) - Remix",2017
Noriel,latin,"Escápate Conmigo (feat. Ozuna, Bad Bunny, De La Ghetto, Arcángel, Noriel & Almighty) - Remix",2017
Almighty,latin,"Escápate Conmigo (feat. Ozuna, Bad Bunny, De La Ghetto, Arcángel, Noriel & Almighty) - Remix",2017
Mon Laferte,latin,Amárrame,2017
Juanes,latin,Amárrame,2017
Gigolo Y La Exce,latin,Sexto Sentido (feat. Bad Bunny),2017
Bad Bunny,latin,Sexto Sentido (feat. Bad Bunny),2017
Rvssian,latin,Si Tu Lo Dejas,2017
Bad Bunny,latin,Si Tu Lo Dejas,2017
Farruko,latin,Si Tu Lo Dejas,2017
Nicky Jam,latin,Si Tu Lo Dejas,2017
Kosa,latin,Si Tu Lo Dejas,2017
Mon Laferte,latin,Mi Buen Amor,2017
Bunbury,latin,Mi Buen Amor,2017
Cosculluela,latin,Guaya,2017
Super Yei,latin,Lean,2017
Sammy,latin,Lean,2017
Jone Quest,latin,Lean,2017
Towy,latin,Lean,2017
Osquel,latin,Lean,2017
Beltito,latin,Lean,2017
Sammy & Falsetto,latin,Lean,2017
Amenazzy,latin,Ayer,2017
Noriel,latin,Ayer,2017
Lirico En La Casa,latin,El Motorcito,2017
The Secret Panda,latin,Pa' Que Mentir,2017
Ele A El Dominio,latin,Pa' Que Mentir,2017
Lito Kirino,latin,Pa' Que Mentir,2017
Bad Gyal,latin,Jacaranda,2017
Dubbel Dutch,latin,Jacaranda,2017
Maikel Delacalle,latin,Condiciones,2017
Bad Bunny,latin,Tu No Metes Cabra - Remix,2017
Daddy Yankee,latin,Tu No Metes Cabra - Remix,2017
Anuel AA,latin,Tu No Metes Cabra - Remix,2017
Cosculluela,latin,Tu No Metes Cabra - Remix,2017
Frank Miami,latin,Diabla (Official Remix),2017
Farruko,latin,Diabla (Official Remix),2017
Lary Over,latin,Diabla (Official Remix),2017
Bad Bunny,latin,Diabla (Official Remix),2017
Galvan Real,latin,Te Deseo,2017
Dasoul,latin,Kung Fu,2017
Nacho,latin,Kung Fu,2017
Pitbull,latin,Hey Ma (with Pitbull & J Balvin feat. Camila Cabello),2017
J Balvin,latin,Hey Ma (with Pitbull & J Balvin feat. Camila Cabello),2017
Camila Cabello,latin,Hey Ma (with Pitbull & J Balvin feat. Camila Cabello),2017
Jacob Forever,latin,Hasta Que Se Seque el Malecón (feat. Farruko) - Remix,2017
Farruko,latin,Hasta Que Se Seque el Malecón (feat. Farruko) - Remix,2017
Yeison Jimenez,latin,Ya No Mi Amor,2017
Romeo Santos,latin,Tuyo,2017
Wisin,latin,Vacaciones,2017
Sinfonico,latin,Volver a Verte (feat. Bryant Myers),2017
Ñengo Flow,latin,Volver a Verte (feat. Bryant Myers),2017
Bryant Myers,latin,Volver a Verte (feat. Bryant Myers),2017
Anuel AA,latin,Seduceme,2017
Bad Bunny,latin,Soy Peor - Remix,2017
J Balvin,latin,Soy Peor - Remix,2017
Ozuna,latin,Soy Peor - Remix,2017
Arcángel,latin,Soy Peor - Remix,2017
Bryant Myers,latin,Bajen Pa' Aca,2017
Noriel,latin,Bajen Pa' Aca,2017
Ñengo Flow,latin,Mamasita Mala (feat. Ozuna),2017
Ozuna,latin,Mamasita Mala (feat. Ozuna),2017
Jon Z,latin,Super Jon-Z (Residente Challenge),2017
Yandel,latin,Como Antes (feat. Wisin),2017
Wisin,latin,Como Antes (feat. Wisin),2017
Bryant Myers,latin,Hablame Claro,2017
Ñejo,latin,Hablame Claro,2017
Farruko,latin,Krippy Kush,2017
Bad Bunny,latin,Krippy Kush,2017
Rvssian,latin,Krippy Kush,2017
Ozuna,latin,El Desorden,2017
Daddy Yankee,latin,El Desorden,2017
Plan B,latin,El Desorden,2017
Justin Quiles,latin,Instagram,2017
Danny Ocean,latin,Dembow,2017
El Alfa,latin,"Banda De Camión (Remix) [feat. Farruko, De La Ghetto, Bryant Myers, Zion, Noriel & Villano Sam]",2017
Farruko,latin,"Banda De Camión (Remix) [feat. Farruko, De La Ghetto, Bryant Myers, Zion, Noriel & Villano Sam]",2017
De La Ghetto,latin,"Banda De Camión (Remix) [feat. Farruko, De La Ghetto, Bryant Myers, Zion, Noriel & Villano Sam]",2017
Bryant Myers,latin,"Banda De Camión (Remix) [feat. Farruko, De La Ghetto, Bryant Myers, Zion, Noriel & Villano Sam]",2017
Zion,latin,"Banda De Camión (Remix) [feat. Farruko, De La Ghetto, Bryant Myers, Zion, Noriel & Villano Sam]",2017
Noriel,latin,"Banda De Camión (Remix) [feat. Farruko, De La Ghetto, Bryant Myers, Zion, Noriel & Villano Sam]",2017
Villanosam,latin,"Banda De Camión (Remix) [feat. Farruko, De La Ghetto, Bryant Myers, Zion, Noriel & Villano Sam]",2017
Wolfine,latin,Bella,2017
Justin Quiles,latin,Tu Pollo,2017
Sech,latin,Tu Pollo,2017
Dímelo Flow,latin,Tu Pollo,2017
KEVIN ROLDAN,latin,Una Noche Más,2017
Nicky Jam,latin,Una Noche Más,2017
Ozuna,latin,Quiero Repetir,2017
J Balvin,latin,Quiero Repetir,2017
Oscar D'León,latin,Lloraras,2017
La Dimensión Latina,latin,Lloraras,2017
Jamby El Favo,latin,Devolver El Tiempo,2017
Galindo Again,latin,Devolver El Tiempo,2017
La Mafia del Amor,latin,Es de la Mafia,2017
Romeo Santos,latin,Héroe Favorito,2017
Ozuna,latin,Te Vas,2017
Juhn,latin,"Puerta Abierta (feat. Bad Bunny, Noriel)",2017
Bad Bunny,latin,"Puerta Abierta (feat. Bad Bunny, Noriel)",2017
Noriel,latin,"Puerta Abierta (feat. Bad Bunny, Noriel)",2017
Kaydy Cain,latin,HDP,2017
Pipo Beatz,latin,HDP,2017
Ñengo Flow,latin,Los Intocables,2017
Sinfonico,latin,Los Intocables,2017
Anuel AA,latin,Los Intocables,2017
Justin Quiles,latin,Juraste,2017
Sky Rompiendo,latin,Juraste,2017
Farruko,latin,Juraste,2017
Ñengo Flow,latin,Juraste,2017
Farruko,latin,Tacos Altos,2017
Arcángel,latin,Tacos Altos,2017
Noriel,latin,Tacos Altos,2017
Bryant Myers,latin,Tacos Altos,2017
Alex Gargolas,latin,Tacos Altos,2017
Anuel AA,latin,No Forcen,2017
Ozuna,latin,No Forcen,2017
Yampi,latin,No Forcen,2017
Zacarias Ferreira,latin,La Asesina,2017
Yampi,latin,Si Tu Quiere,2017
Ozuna,latin,Si Tu Quiere,2017
Anuel AA,latin,Si Tu Quiere,2017
Pusho,latin,Si Tu Quiere,2017
Juhn,latin,Apaga el Celular (feat. Bryant Myers),2017
Bryant Myers,latin,Apaga el Celular (feat. Bryant Myers),2017
La Mafia del Amor,latin,Dice Que No Me Quiere,2017
Romeo Santos,latin,Centavito,2017
El Alfa,latin,La Pegajosa,2017
Bryant Myers,latin,La Pegajosa,2017
Casper Magico,latin,Cuentale,2017
Anuel AA,latin,Cuentale,2017
La Joaqui,latin,Gaucho,2017
MC Fioti,latin,Bum Bum Tam Tam,2017
Future,latin,Bum Bum Tam Tam,2017
J Balvin,latin,Bum Bum Tam Tam,2017
Stefflon Don,latin,Bum Bum Tam Tam,2017
Juan Magán,latin,Bum Bum Tam Tam,2017
Paulo Londra,latin,Cámara Lenta,2017
Micro TDH,latin,Cafuné,2017
Baby Rasta y Gringo,latin,Me Niegas Remix,2017
Jory Boy,latin,Me Niegas Remix,2017
Ñengo Flow,latin,Me Niegas Remix,2017
Antonio Cartagena,latin,Ni Siquiera,2017
Jarabe De Palo,latin,La chica de Ipanema,2017
Abraham Mateo,latin,Loco Enamorado,2017
Farruko,latin,Loco Enamorado,2017
Christian Daniel,latin,Loco Enamorado,2017
Mon Laferte,latin,Pa’ Dónde Se Fue,2017
Ozuna,latin,No Quiere Enamorarse,2017
Maite Perroni,latin,Loca (feat. Cali y El Dandee),2017
Cali Y El Dandee,latin,Loca (feat. Cali y El Dandee),2017
Haze,latin,Mi loca perfecta,2017
Maka,latin,Mi loca perfecta,2017
Musicologo Y Menes,latin,Adderall (feat. Almighty),2017
Almighty,latin,Adderall (feat. Almighty),2017
Carla Morrison,latin,Te Regalo - Versión Desnudo,2017
Anuel AA,latin,Armao 100pre Andamos,2017
Bryant Myers,latin,Armao 100pre Andamos,2017
The Secret Panda,latin,Armao 100pre Andamos,2017
Ñengo Flow,latin,Armao 100pre Andamos,2017
Darell,latin,Armao 100pre Andamos,2017
Alexio,latin,Armao 100pre Andamos,2017
Juanka,latin,Armao 100pre Andamos,2017
Lenny Tavárez,latin,No Quiere Amor (Remix),2017
Farruko,latin,No Quiere Amor (Remix),2017
Bryant Myers,latin,No Quiere Amor (Remix),2017
Lary Over,latin,No Quiere Amor (Remix),2017
Lito Kirino,latin,No Quiere Amor (Remix),2017
Amenazzy,latin,Lean,2017
Bad Bunny,latin,Lean,2017
Lito Kirino,latin,Lean,2017
KEVIN ROLDAN,latin,Salgamos,2017
Andy Rivera,latin,Salgamos,2017
Maluma,latin,Salgamos,2017
Gigolo Y La Exce,latin,Te Robo,2017
Joaquín Sabina,latin,Lágrimas de Mármol,2017
Christian Nodal,latin,Adiós Amor,2017
Jon Z,latin,Vas a Querer Volver (feat. Ñengo Flow),2017
Ñengo Flow,latin,Vas a Querer Volver (feat. Ñengo Flow),2017
Lirico En La Casa,latin,Marianela,2017
El Alfa,latin,Suave,2017
Chael Produciendo,latin,Suave,2017
Ñengo Flow,latin,Whyne Whini,2017
Kaydy Cain,latin,Playboy,2017
Pipo Beatz,latin,Playboy,2017
Ñengo Flow,latin,Te Extraño (feat. Kevinsito),2017
Kevinsito,latin,Te Extraño (feat. Kevinsito),2017
Jc La Nevula,latin,Búscate Otro,2017
Atomic Otro Way,latin,Búscate Otro,2017
Kaydy Cain,latin,Perdedores del Barrio,2017
Rauw Alejandro,latin,La Oportunidad - Remix,2017
Myke Towers,latin,La Oportunidad - Remix,2017
Lyanno,latin,La Oportunidad - Remix,2017
Chris Wandell,latin,La Oportunidad - Remix,2017
Papi Sousa,latin,La Oportunidad - Remix,2017
Alvaro Diaz,latin,La Oportunidad - Remix,2017
KEVIN ROLDAN,latin,Si No Te Enamoras,2017
Musicologo Y Menes,latin,Pasion Y Deseo (feat. Ozuna),2017
Ozuna,latin,Pasion Y Deseo (feat. Ozuna),2017
Jamby El Favo,latin,Contigo Me la Vivo,2017
Ele A El Dominio,latin,Contigo Me la Vivo,2017
Jon Z,latin,Contigo Me la Vivo,2017
Moncho Chavea,latin,Conmigo,2017
Omar Montes,latin,Conmigo,2017
Noriel,latin,Desperte Sin Ti - Remix,2017
Nicky Jam,latin,Desperte Sin Ti - Remix,2017
Yandel,latin,Desperte Sin Ti - Remix,2017
Maka,latin,Sueño Despierto,2017
Christian Nodal,latin,Probablemente,2017
Romeo Santos,latin,Carmín (feat. Juan Luis Guerra),2017
Juan Luis Guerra 4.40,latin,Carmín (feat. Juan Luis Guerra),2017
J Balvin,latin,Mi Gente,2017
Willy William,latin,Mi Gente,2017
Becky G,latin,Mayores,2017
Bad Bunny,latin,Mayores,2017
Yeison Jimenez,latin,Tu Mal Sabor,2017
Daviles de Novelda,latin,Mi gyal,2017
DaniMflow,latin,Mi gyal,2017
Kaydy Cain,latin,Hazte Cuenta,2017
Super Yei,latin,"Obsession (Spanish Remix) [feat. Bryant Myers, Anonimus, Young Izak & Sam Sage]",2017
Bryant Myers,latin,"Obsession (Spanish Remix) [feat. Bryant Myers, Anonimus, Young Izak & Sam Sage]",2017
Anonimus,latin,"Obsession (Spanish Remix) [feat. Bryant Myers, Anonimus, Young Izak & Sam Sage]",2017
Young Izak,latin,"Obsession (Spanish Remix) [feat. Bryant Myers, Anonimus, Young Izak & Sam Sage]",2017
Sam Sage,latin,"Obsession (Spanish Remix) [feat. Bryant Myers, Anonimus, Young Izak & Sam Sage]",2017
Justin Quiles,latin,Confusión,2017
Maluma,latin,GPS (feat. French Montana),2017
French Montana,latin,GPS (feat. French Montana),2017
Grupo Extra,latin,Me Emborrachare - Bachata Radio Edit,2017
LOWLIGHT,latin,Commotion,2017
Bad Gyal,latin,Commotion,2017
Demaro Small,latin,Commotion,2017
Juan Magán,latin,"Rápido, Brusco, Violento",2017
Boni & Kelly,latin,"Rápido, Brusco, Violento",2017
Major Lazer,latin,Know No Better,2017
Camila Cabello,latin,Know No Better,2017
Bad Bunny,latin,Know No Better,2017
Travis Scott,latin,Know No Better,2017
Quavo,latin,Know No Better,2017
Zacarias Ferreira,latin,El Intruso,2017
Alexio La Bruja,latin,Cristiniando,2017
Farruko,latin,Cristiniando,2017
Anuel AA,latin,Cristiniando,2017
Micro TDH,latin,Confianza,2017
DM,latin,Dile A Tu Marido - Remix,2017
Bryant Myers,latin,Dile A Tu Marido - Remix,2017
Brytiago,latin,Dile A Tu Marido - Remix,2017
Miky Woodz,latin,Dile A Tu Marido - Remix,2017
Eloy,latin,Dile A Tu Marido - Remix,2017
Juhn,latin,Dile A Tu Marido - Remix,2017
Lary Over,latin,Dile A Tu Marido - Remix,2017
Lyan,latin,Dile A Tu Marido - Remix,2017
KHEA,latin,Vete,2017
Omar Varela,latin,Vete,2017
Justin Quiles,latin,La Amiga,2017
Galvan Real,latin,Quédate Conmigo,2017
Justin Quiles,latin,Crecia,2017
Bad Bunny,latin,Crecia,2017
Almighty,latin,Crecia,2017
J Balvin,latin,Bonita - Remix,2017
Jowell & Randy,latin,Bonita - Remix,2017
Nicky Jam,latin,Bonita - Remix,2017
Wisin,latin,Bonita - Remix,2017
Yandel,latin,Bonita - Remix,2017
Ozuna,latin,Bonita - Remix,2017
Sixto Rein,latin,Trepate,2017
Lary Over,latin,Trepate,2017
Bad Bunny,latin,Trepate,2017
EZ El Ezeta,latin,Trepate,2017
Boy Wonder CF,latin,Nunca Me Amo,2017
Jon Z,latin,Nunca Me Amo,2017
Baby Rasta,latin,Nunca Me Amo,2017
Los 4,latin,Historia entre tus dedos,2017
La Mafia del Amor,latin,Disisamor,2017
Abraham Mateo,latin,Háblame Bajito,2017
50 Cent,latin,Háblame Bajito,2017
Austin Mahone,latin,Háblame Bajito,2017
El Alfa,latin,Banda de Camion,2017
Kaydy Cain,latin,Muévelo,2017
LOWLIGHT,latin,Muévelo,2017
Mark B.,latin,Me Llueven,2017
Bad Bunny,latin,Me Llueven,2017
Nicky Jam,latin,Mil Lágrimas,2017
Jantony,latin,Demonia Baila,2017
Bad Bunny,latin,Demonia Baila,2017
Brytiago,latin,Demonia Baila,2017
Yiyo Sarante,latin,Me Va Extrañar,2017
Yeison Jimenez,latin,La Última Farra,2017
Charly Black,latin,Party Animal,2017
Luis Fonsi,latin,Party Animal,2017
Jamby El Favo,latin,Loco Por Verte,2017
Arcángel,latin,Rojo,2017
Anuel AA,latin,Rojo,2017
Bad Bunny,latin,Blockia,2017
Farruko,latin,Blockia,2017
DJ Luian,latin,Blockia,2017
Mambo Kingz,latin,Blockia,2017
Arcángel,latin,Te Robo - Remix,2017
De La Ghetto,latin,Te Robo - Remix,2017
Gigolo Y La Exce,latin,Te Robo - Remix,2017
Jaycob Duque,latin,Te Robo - Remix,2017
Pepe Quintana,latin,Si Me Muero,2017
Farruko,latin,Si Me Muero,2017
Ñengo Flow,latin,Si Me Muero,2017
Lary Over,latin,Si Me Muero,2017
Darell,latin,Si Me Muero,2017
Andy Rivera,latin,Espina de Rosas,2017
Carlitos Rossy,latin,Nada Distinto,2017
Ñengo Flow,latin,Nada Distinto,2017
Sinfonico,latin,Nada Distinto,2017
Prince Royce,latin,Amor Prohibido,2017
KAROL G,latin,Hello,2017
Ozuna,latin,Hello,2017
Eddie Santiago,latin,Que Locura Enamorarme De Ti,2017
Kaydy Cain,latin,Amor Prohibido,2017
Pipo Beatz,latin,Amor Prohibido,2017
Plan B,latin,¿Te Acuerdas De Mi ?,2017
Jorge Drexler,latin,Asilo (feat. Mon Laferte),2017
Mon Laferte,latin,Asilo (feat. Mon Laferte),2017
Jhonny Rivera,latin,Siga Bebiendo,2017
Yeison Jimenez,latin,Siga Bebiendo,2017
Justin Quiles,latin,Adicto,2017
Prince Royce,latin,Culpa al Corazón,2017
Justin Quiles,latin,Fin de Semana,2017
Justin Quiles,latin,Otra Copa (feat. Farruko),2017
Farruko,latin,Otra Copa (feat. Farruko),2017
Pedro Calderon,latin,Pacman,2017
El Daddy,latin,Pacman,2017
Yango,latin,Pacman,2017
JC Reyes,latin,Pacman,2017
Tony Mendez,latin,Pacman,2017
Super Yei,latin,Me Llama Todavia (feat. Towy),2017
Towy,latin,Me Llama Todavia (feat. Towy),2017
VI Seconds,latin,The Gawd,2017
Pignoise,latin,Todo Me Da Igual,2017
David Otero,latin,Buscando El Sol,2017
Los Hermanos Dalton,latin,Nada Suena Igual,2017
América de Vigo,latin,Año 2000,2017
Zion & Lennox,latin,La player (Bandolera),2018
Trap Capos,latin,De las 2 (feat. Bad Bunny & Arcángel),2018
Noriel,latin,De las 2 (feat. Bad Bunny & Arcángel),2018
Bad Bunny,latin,De las 2 (feat. Bad Bunny & Arcángel),2018
Arcángel,latin,De las 2 (feat. Bad Bunny & Arcángel),2018
Anuel AA,latin,Tú No Lo Amas,2018
Anuel AA,latin,Amanece,2018
Haze,latin,Amanece,2018
Bad Bunny,latin,Si Estuviésemos Juntos,2018
Nicky Jam,latin,X (feat. Maluma & Ozuna) - Remix,2018
J Balvin,latin,X (feat. Maluma & Ozuna) - Remix,2018
Maluma,latin,X (feat. Maluma & Ozuna) - Remix,2018
Ozuna,latin,X (feat. Maluma & Ozuna) - Remix,2018
Bryant Myers,latin,Ponle Música,2018
Plan B,latin,Ponle Música,2018
Cosculluela,latin,Madura,2018
Bad Bunny,latin,Madura,2018
Yannc,latin,Sigue Bailandome,2018
Darkiel,latin,Sigue Bailandome,2018
Eladio Carrion,latin,Sigue Bailandome,2018
Brray,latin,Sigue Bailandome,2018
Myke Towers,latin,Sigue Bailandome,2018
DJ Luian,latin,La Ocasión,2018
Mambo Kingz,latin,La Ocasión,2018
De La Ghetto,latin,La Ocasión,2018
Arcángel,latin,La Ocasión,2018
Ozuna,latin,La Ocasión,2018
Anuel AA,latin,La Ocasión,2018
Bad Bunny,latin,La Romana,2018
El Alfa,latin,La Romana,2018
6ix9ine,latin,MALA (feat. Anuel AA),2018
Anuel AA,latin,MALA (feat. Anuel AA),2018
Bad Bunny,latin,Otra Noche en Miami,2018
Alex Rose,latin,Darte Remix,2018
Casper Magico,latin,Darte Remix,2018
Ñengo Flow,latin,Darte Remix,2018
Bryant Myers,latin,Darte Remix,2018
Noriel,latin,Darte Remix,2018
Juhn,latin,Darte Remix,2018
Miky Woodz,latin,Darte Remix,2018
JHAYCO,latin,Darte Remix,2018
Myke Towers,latin,Darte Remix,2018
Nacho,latin,Báilame - Remix,2018
Yandel,latin,Báilame - Remix,2018
Bad Bunny,latin,Báilame - Remix,2018
Mambo Kingz,latin,Báilame - Remix,2018
DJ Luian,latin,Báilame - Remix,2018
Anuel AA,latin,Yeezy,2018
Ñengo Flow,latin,Yeezy,2018
Duki,latin,She Don't Give a Fo,2018
KHEA,latin,She Don't Give a Fo,2018
Yandar & Yostin,latin,Te Pintaron Pajaritos,2018
Andy Rivera,latin,Te Pintaron Pajaritos,2018
Ozuna,latin,Vaina Loca,2018
Manuel Turizo,latin,Vaina Loca,2018
6ix9ine,latin,BEBE (feat. Anuel AA),2018
Anuel AA,latin,BEBE (feat. Anuel AA),2018
Bad Bunny,latin,Amorfoda,2018
Anuel AA,latin,Hipócrita,2018
Zion,latin,Hipócrita,2018
Maluma,latin,Felices los 4,2018
Anuel AA,latin,Quiere Beber,2018
Anuel AA,latin,Ella Quiere Beber - Remix,2018
Romeo Santos,latin,Ella Quiere Beber - Remix,2018
Bryant Myers,latin,Triste,2018
Bad Bunny,latin,Triste,2018
Yandel,latin,Explícale (feat. Cosculluela & Brytiago) - Remix,2018
Bad Bunny,latin,Explícale (feat. Cosculluela & Brytiago) - Remix,2018
Noriel,latin,Explícale (feat. Cosculluela & Brytiago) - Remix,2018
Cosculluela,latin,Explícale (feat. Cosculluela & Brytiago) - Remix,2018
Brytiago,latin,Explícale (feat. Cosculluela & Brytiago) - Remix,2018
Ozuna,latin,Solita,2018
Mambo Kingz,latin,Solita,2018
DJ Luian,latin,Solita,2018
Bad Bunny,latin,Solita,2018
Wisin,latin,Solita,2018
Almighty,latin,Solita,2018
Cardi B,latin,I Like It,2018
Bad Bunny,latin,I Like It,2018
J Balvin,latin,I Like It,2018
El Alfa,latin,Dema Ga Ge Gi Go Gu,2018
Bad Bunny,latin,Dema Ga Ge Gi Go Gu,2018
Atomic Otro Way,latin,Conejita,2018
Almighty,latin,Vacio,2018
Darell,latin,Tu Peor Error,2018
Bryant Myers,latin,Momentos,2018
Cosculluela,latin,Momentos,2018
Anuel AA,latin,Bandolera,2018
Brytiago,latin,Asesina,2018
Darell,latin,Asesina,2018
ROSALÍA,latin,PIENSO EN TU MIRÁ - Cap.3: Celos,2018
Nio Garcia,latin,Te Boté - Remix,2018
Casper Magico,latin,Te Boté - Remix,2018
Bad Bunny,latin,Te Boté - Remix,2018
Darell,latin,Te Boté - Remix,2018
Ozuna,latin,Te Boté - Remix,2018
Nicky Jam,latin,Te Boté - Remix,2018
Anuel AA,latin,Brindemos,2018
Ozuna,latin,Brindemos,2018
Almighty,latin,Indiferente,2018
Maluma,latin,Corazón (feat. Nego do Borel),2018
Nego do Borel,latin,Corazón (feat. Nego do Borel),2018
Piso 21,latin,Te Vi,2018
Micro TDH,latin,Te Vi,2018
Rels B,latin,Buenos Genes,2018
DELLAFUENTE,latin,Buenos Genes,2018
Sebastian Yatra,latin,Traicionera,2018
Bryant Myers,latin,Volvamos Hablar,2018
J Balvin,latin,Mi Gente,2018
Willy William,latin,Mi Gente,2018
Bad Bunny,latin,MIA,2018
Drake,latin,MIA,2018
Bad Bunny,latin,¿Cual Es Tu Plan?,2018
Ñejo,latin,¿Cual Es Tu Plan?,2018
Pj Sin Suela,latin,¿Cual Es Tu Plan?,2018
DJ Nelson,latin,¿Cual Es Tu Plan?,2018
Daddy Yankee,latin,Adictiva,2018
Anuel AA,latin,Adictiva,2018
El Alfa,latin,Suave (Remix),2018
Bryant Myers,latin,Suave (Remix),2018
Jon Z,latin,Suave (Remix),2018
Miky Woodz,latin,Suave (Remix),2018
Noriel,latin,Suave (Remix),2018
Plan B,latin,Suave (Remix),2018
Super Yei,latin,La Forma en Que Me Miras,2018
Sammy Baby,latin,La Forma en Que Me Miras,2018
Myke Towers,latin,La Forma en Que Me Miras,2018
Lenny Tavárez,latin,La Forma en Que Me Miras,2018
Rafa Pabön,latin,La Forma en Que Me Miras,2018
J Balvin,latin,Brillo,2018
ROSALÍA,latin,Brillo,2018
Piso 21,latin,Déjala Que Vuelva (feat. Manuel Turizo),2018
Manuel Turizo,latin,Déjala Que Vuelva (feat. Manuel Turizo),2018
Duki,latin,Hello Cotto,2018
Alex Rose,latin,Toda (Remix),2018
Rauw Alejandro,latin,Toda (Remix),2018
Lenny Tavárez,latin,Toda (Remix),2018
Cazzu,latin,Toda (Remix),2018
Lyanno,latin,Toda (Remix),2018
Lirico En La Casa,latin,Muevelo,2018
Atomic Otro Way,latin,Muevelo,2018
NATTI NATASHA,latin,Amantes de una Noche,2018
Bad Bunny,latin,Amantes de una Noche,2018
Ozuna,latin,Ibiza,2018
Romeo Santos,latin,Ibiza,2018
Bad Bunny,latin,Dime Si Te Acuerdas,2018
Ozuna,latin,Devuelveme,2018
Myke Towers,latin,No Pensarte,2018
Juhn,latin,No Pensarte,2018
Alex Rose,latin,Darte,2018
Myke Towers,latin,Darte,2018
J Balvin,latin,No Es Justo,2018
Zion & Lennox,latin,No Es Justo,2018
Bad Bunny,latin,Como Antes,2018
Bad Bunny,latin,NI BIEN NI MAL,2018
Duki,latin,No Me Llores,2018
Leby,latin,No Me Llores,2018
Brytiago,latin,Asesina - Remix,2018
Daddy Yankee,latin,Asesina - Remix,2018
Ozuna,latin,Asesina - Remix,2018
Anuel AA,latin,Asesina - Remix,2018
Darell,latin,Asesina - Remix,2018
Chris Jedi,latin,Bipolar,2018
Ozuna,latin,Bipolar,2018
Brytiago,latin,Bipolar,2018
Bad Bunny,latin,Estamos Bien,2018
Ozuna,latin,El Farsante - Remix,2018
Romeo Santos,latin,El Farsante - Remix,2018
Yung Beef,latin,Infierno,2018
Maka,latin,Cositas del Amor,2018
Karetta el Gucci,latin,Rana,2018
Bandaga,latin,Otra Copa,2018
Alex Rose,latin,Déjate Llevar,2018
Lyanno,latin,Déjate Llevar,2018
Pedro Capó,latin,Calma - Remix,2018
Farruko,latin,Calma - Remix,2018
Anuel AA,latin,Te Necesito,2018
Anuel AA,latin,Naturaleza,2018
Anuel AA,latin,Pensando en Ti,2018
Wisin,latin,Pensando en Ti,2018
CNCO,latin,Hey DJ,2018
Yandel,latin,Hey DJ,2018
Bryant Myers,latin,Ojala,2018
Darell,latin,Ojala,2018
Almighty,latin,Ojala,2018
De La Ghetto,latin,Ojala,2018
De La Ghetto,latin,La Fórmula (feat. Chris Jedi),2018
Daddy Yankee,latin,La Fórmula (feat. Chris Jedi),2018
Ozuna,latin,La Fórmula (feat. Chris Jedi),2018
Chris Jedi,latin,La Fórmula (feat. Chris Jedi),2018
Miky Woodz,latin,Na' Personal,2018
Alex Rose,latin,Na' Personal,2018
C. Tangana,latin,Booty,2018
Becky G,latin,Booty,2018
Jamby El Favo,latin,En Disney,2018
Bryant Myers,latin,Prende Un Phillie,2018
Farruko,latin,Prende Un Phillie,2018
Maka,latin,El Arte de Vivir,2018
Ozuna,latin,La Modelo,2018
Cardi B,latin,La Modelo,2018
Bryant Myers,latin,Tanta Falta,2018
Lary Over,latin,Subete,2018
Lirico En La Casa,latin,Subete,2018
Yeison Jimenez,latin,Aventurero,2018
Bad Bunny,latin,Solo de Mi,2018
Bryant Myers,latin,Me Han Hablau De Ti,2018
Miky Woodz,latin,Me Han Hablau De Ti,2018
Sebastian Yatra,latin,Ya No Tiene Novio,2018
Mau y Ricky,latin,Ya No Tiene Novio,2018
Bad Gyal,latin,Mas Raro - Prod. Cadenza,2018
Cadenza,latin,Mas Raro - Prod. Cadenza,2018
Anuel AA,latin,Na' Nuevo,2018
Shakira,latin,Clandestino,2018
Maluma,latin,Clandestino,2018
Bad Bunny,latin,Caro,2018
Bad Bunny,latin,RLNDT,2018
Galvan Real,latin,Báilame Lola,2018
Abraham Mateo,latin,Loco Enamorado,2018
Farruko,latin,Loco Enamorado,2018
Christian Daniel,latin,Loco Enamorado,2018
Daddy Yankee,latin,Dura - Remix,2018
NATTI NATASHA,latin,Dura - Remix,2018
Becky G,latin,Dura - Remix,2018
Bad Bunny,latin,Dura - Remix,2018
Bryant Myers,latin,Noche De Fantasia,2018
Juhn,latin,Pocas Horas,2018
Costa,latin,Ficción,2018
MYGAL,latin,Ficción,2018
Bebe,latin,Ficción,2018
DELLAFUENTE,latin,Olvídame,2018
Maka,latin,Olvídame,2018
Chris Jedi,latin,Ahora Dice - Real Hasta La Muerte Remix,2018
J Balvin,latin,Ahora Dice - Real Hasta La Muerte Remix,2018
Ozuna,latin,Ahora Dice - Real Hasta La Muerte Remix,2018
Cardi B,latin,Ahora Dice - Real Hasta La Muerte Remix,2018
Offset,latin,Ahora Dice - Real Hasta La Muerte Remix,2018
Anuel,latin,Ahora Dice - Real Hasta La Muerte Remix,2018
Arcángel,latin,Ahora Dice - Real Hasta La Muerte Remix,2018
C. Tangana,latin,Bien Duro,2018
Lele Pons,latin,Celoso,2018
Rauw Alejandro,latin,T.T.I.,2018
Piso 21,latin,Puntos Suspensivos,2018
El Alfa,latin,Con Silenciador,2018
Anuel AA,latin,Con Silenciador,2018
Daviles de Novelda,latin,Las Calles De Oro,2018
Juhn,latin,Confia - Remix,2018
Ozuna,latin,Confia - Remix,2018
Wisin & Yandel,latin,Aullando,2018
Romeo Santos,latin,Aullando,2018
Lirico En La Casa,latin,El Motorcito,2018
Daddy Yankee,latin,Dura,2018
KHEA,latin,Cómo Le Digo,2018
Omar Varela,latin,Cómo Le Digo,2018
Asan,latin,Cómo Le Digo,2018
Anuel AA,latin,Espina,2018
KAROL G,latin,Culpables,2018
Anuel AA,latin,Culpables,2018
Pure Negga,latin,"Cnv Sound, Vol. 14",2018
Skillz Beatz,latin,"Cnv Sound, Vol. 14",2018
Kion Studio,latin,"Cnv Sound, Vol. 14",2018
Duki,latin,Si Te Sentis Sola,2018
Carly,latin,Las Babys Me Llaman,2018
Anuel AA,latin,Las Babys Me Llaman,2018
Dímelo Flow,latin,Me Frontió,2018
Justin Quiles,latin,Me Frontió,2018
Alex Rose,latin,Me Frontió,2018
Gigolo Y La Exce,latin,Me Frontió,2018
Antonio Banderas,latin,"Canción del Mariachi (Ilia Topuria ""El Matador"" Anthem)",2018
Los Lobos,latin,"Canción del Mariachi (Ilia Topuria ""El Matador"" Anthem)",2018
Rels B,latin,Lejos de Tí,2018
El Yman,latin,Mi Planta,2018
Ñengo Flow,latin,Mi Planta,2018
Becky G,latin,Sin Pijama,2018
NATTI NATASHA,latin,Sin Pijama,2018
Rels B,latin,Reina de Pikas,2018
Enrique Iglesias,latin,EL BAÑO,2018
Bad Bunny,latin,EL BAÑO,2018
Anuel AA,latin,Modo de Avión,2018
D' La Crem,latin,La Quiero para Mí,2018
Chimbala,latin,Tumbala,2018
Pablo Chill-E,latin,Vibras,2018
Leslie Grace,latin,Duro y Suave,2018
Noriel,latin,Duro y Suave,2018
Bad Bunny,latin,Tenemos Que Hablar,2018
Marc Anthony,latin,Qué Precio Tiene el Cielo - Salsa Version,2018
Ozuna,latin,Supuestamente,2018
Anuel AA,latin,Supuestamente,2018
Ozuna,latin,Unica,2018
Juan Magán,latin,Usted,2018
Mala Rodríguez,latin,Usted,2018
Revol,latin,Bésame,2018
Jon Z,latin,Bésame,2018
Bryant Myers,latin,Vamos a Vernos,2018
Jon Z,latin,Vamos a Vernos,2018
Gigolo Y La Exce,latin,Vamos a Vernos,2018
Bad Bunny,latin,MIA (feat. Drake),2018
Drake,latin,MIA (feat. Drake),2018
YSY A,latin,El Amanecer,2018
Juhn,latin,Nadie Sabe,2018
Amenazzy,latin,Nadie Sabe,2018
"Secreto ""El Famoso Biberon""",latin,Papa Dios Me Dijo,2018
Rauw Alejandro,latin,Que Somos,2018
Lyanno,latin,Que Somos,2018
Mathew,latin,Que Somos,2018
Mozart La Para,latin,Mujeres,2018
Justin Quiles,latin,Mujeres,2018
Maikel Delacalle,latin,Replay,2018
Yung Beef,latin,Dolce & Gabbana,2018
Maka,latin,Bésame,2018
DELLAFUENTE,latin,Bésame,2018
El Conejo,latin,Desde El Corazón,2018
Bad Bunny,latin,Cuando Perriabas,2018
J Balvin,latin,Reggaeton,2018
Paulo Londra,latin,Adan y Eva,2018
DJ Snake,latin,"Taki Taki (with Selena Gomez, Ozuna & Cardi B)",2018
Selena Gomez,latin,"Taki Taki (with Selena Gomez, Ozuna & Cardi B)",2018
Ozuna,latin,"Taki Taki (with Selena Gomez, Ozuna & Cardi B)",2018
Cardi B,latin,"Taki Taki (with Selena Gomez, Ozuna & Cardi B)",2018
Los Ángeles Azules,latin,Nunca Es Suficiente,2018
Natalia Lafourcade,latin,Nunca Es Suficiente,2018
C. Tangana,latin,Still Rapping (feat. Steve Lean),2018
Steve Lean,latin,Still Rapping (feat. Steve Lean),2018
Guitarricadelafuente,latin,Sixtinain,2018
Piso 21,latin,Te Amo,2018
Paulo Londra,latin,Te Amo,2018
Maka,latin,Una Noche Más,2018
Nyno Vargas,latin,Una Noche Más,2018
Marc Anthony,latin,Está Rico,2018
Will Smith,latin,Está Rico,2018
Bad Bunny,latin,Está Rico,2018
Soto Asa,latin,Me Gustaron Tus Nai,2018
Yung Beef,latin,Me Gustaron Tus Nai,2018
Piso 21,latin,Besándote,2018
Yannc,latin,Que Vuelvas,2018
Ele A El Dominio,latin,Que Vuelvas,2018
Maikel Delacalle,latin,Jaque Mate,2018
Justin Quiles,latin,Jaque Mate,2018
Prince Royce,latin,El Clavo (feat. Maluma) - Remix,2018
Maluma,latin,El Clavo (feat. Maluma) - Remix,2018
Maluma,latin,Mala Mía,2018
Lunay,latin,A Solas (Remix),2018
Lyanno,latin,A Solas (Remix),2018
Anuel AA,latin,A Solas (Remix),2018
Brytiago,latin,A Solas (Remix),2018
Alex Rose,latin,A Solas (Remix),2018
Leoni Torres,latin,Toda Una Vida,2018
Bryant Myers,latin,Pa' Pasar El Rato,2018
Yung Beef,latin,Valentino Demons,2018
El Alfa,latin,Sientate en Ese Deo,2018
Becky G,latin,Cuando Te Besé,2018
Paulo Londra,latin,Cuando Te Besé,2018
Trap Capos,latin,No Somos Ná (feat. Gigolo y La Exce & Bryant Myers),2018
Noriel,latin,No Somos Ná (feat. Gigolo y La Exce & Bryant Myers),2018
Gigolo Y La Exce,latin,No Somos Ná (feat. Gigolo y La Exce & Bryant Myers),2018
Bryant Myers,latin,No Somos Ná (feat. Gigolo y La Exce & Bryant Myers),2018
Oken,latin,Noche Loca,2018
Myke Towers,latin,Noche Loca,2018
Mora,latin,Noche Loca,2018
Ñengo Flow,latin,El Juego,2018
Darell,latin,El Juego,2018
Atomic Otro Way,latin,Prende un Porro,2018
J Balvin,latin,Peligrosa,2018
Wisin & Yandel,latin,Peligrosa,2018
Bad Bunny,latin,Ser Bichote,2018
Cauty,latin,Ta To Gucci (Remix),2018
Brytiago,latin,Ta To Gucci (Remix),2018
Darell,latin,Ta To Gucci (Remix),2018
Cosculluela,latin,Ta To Gucci (Remix),2018
Rafa Pabön,latin,Ta To Gucci (Remix),2018
Chencho Corleone,latin,Ta To Gucci (Remix),2018
Alex Rose,latin,Yo Quisiera,2018
Dalex,latin,Yo Quisiera,2018
Nacho,latin,Báilame,2018
Maikel Delacalle,latin,Amor De Cine,2018
El Perla,latin,Besitos Bebé,2018
Trap Capos,latin,"No Somos Ná (feat. Gigolo y La Exce, Bryant Myers, Alex Rose, Juhn & Amenazzy) - Remix",2018
Noriel,latin,"No Somos Ná (feat. Gigolo y La Exce, Bryant Myers, Alex Rose, Juhn & Amenazzy) - Remix",2018
Gigolo Y La Exce,latin,"No Somos Ná (feat. Gigolo y La Exce, Bryant Myers, Alex Rose, Juhn & Amenazzy) - Remix",2018
Bryant Myers,latin,"No Somos Ná (feat. Gigolo y La Exce, Bryant Myers, Alex Rose, Juhn & Amenazzy) - Remix",2018
Alex Rose,latin,"No Somos Ná (feat. Gigolo y La Exce, Bryant Myers, Alex Rose, Juhn & Amenazzy) - Remix",2018
Juhn,latin,"No Somos Ná (feat. Gigolo y La Exce, Bryant Myers, Alex Rose, Juhn & Amenazzy) - Remix",2018
Amenazzy,latin,"No Somos Ná (feat. Gigolo y La Exce, Bryant Myers, Alex Rose, Juhn & Amenazzy) - Remix",2018
Bad Bunny,latin,¿Quien Tu Eres?,2018
Juhn,latin,Confia,2018
Lenuel,latin,Desnudate Remix,2018
Dalex,latin,Desnudate Remix,2018
Alex Rose,latin,Desnudate Remix,2018
Carlitos Rossy,latin,Desnudate Remix,2018
Ozuna,latin,Balenciaga,2018
Ele A El Dominio,latin,Balenciaga,2018
Miky Woodz,latin,Estamos Clear,2018
Bad Bunny,latin,Estamos Clear,2018
Alex Rose,latin,Sigues Preguntando,2018
El Kanka,latin,Por Tu Olor,2018
Jorge Drexler,latin,Por Tu Olor,2018
KAROL G,latin,Créeme,2018
Maluma,latin,Créeme,2018
Juhn,latin,La Confusión,2018
Ana Mena,latin,Ya Es Hora,2018
Becky G,latin,Ya Es Hora,2018
De La Ghetto,latin,Ya Es Hora,2018
Sebastian Yatra,latin,SUTRA,2018
Dalmata,latin,SUTRA,2018
KEVIN ROLDAN,latin,PPP,2018
J Balvin,latin,Ambiente,2018
Guaynaa,latin,Rebota,2018
Duki,latin,Hijo de la Noche,2018
C.R.O,latin,Hijo de la Noche,2018
YSY A,latin,Hijo de la Noche,2018
El Perla,latin,Exótica,2018
DICC,latin,Exótica,2018
Kiubbah Malon,latin,Exótica,2018
Bad Gyal,latin,Candela - Prod. Dubbel Dutch,2018
Dubbel Dutch,latin,Candela - Prod. Dubbel Dutch,2018
El Perla,latin,Ya da igual - Remix,2018
Camin,latin,Ya da igual - Remix,2018
Bujan,latin,Ya da igual - Remix,2018
integrityoficial,latin,Ya da igual - Remix,2018
Maluma,latin,El Préstamo,2018
Darell,latin,Te Boté,2018
Casper Magico,latin,Te Boté,2018
Nio Garcia,latin,Te Boté,2018
Nicky Jam,latin,Te Boté,2018
Ozuna,latin,Te Boté,2018
Bad Bunny,latin,Te Boté,2018
DJ Pablito,latin,Todavía,2018
La Factoria,latin,Todavía,2018
Joycee,latin,Todavía,2018
Ñejo,latin,Se Te Hizo Tarde,2018
Ele A,latin,Se Te Hizo Tarde,2018
Jon Z,latin,Se Te Hizo Tarde,2018
Jamby El Favo,latin,Se Te Hizo Tarde,2018
Eladio Carrion,latin,Me Usaste,2018
KHEA,latin,Me Usaste,2018
Noriel,latin,Me Usaste,2018
Jon Z,latin,Me Usaste,2018
ECKO,latin,Me Usaste,2018
Juhn,latin,Me Usaste,2018
El Chaval de la Bachata,latin,Donde Estan Esos Amigos,2018
C.R.O,latin,Ella Es una G,2018
Duki,latin,Ella Es una G,2018
Ozuna,latin,Unica - Remix,2018
Anuel AA,latin,Unica - Remix,2018
Wisin,latin,Unica - Remix,2018
Yandel,latin,Unica - Remix,2018
Sebastian Yatra,latin,Por Perro,2018
Luis Figueroa,latin,Por Perro,2018
Lary Over,latin,Por Perro,2018
Maluma,latin,Felices los 4 (feat. Marc Anthony) - Salsa Version,2018
Marc Anthony,latin,Felices los 4 (feat. Marc Anthony) - Salsa Version,2018
Bad Gyal,latin,Yo Sigo Iual - Prod. Fakeguido & el Guincho,2018
Fakeguido,latin,Yo Sigo Iual - Prod. Fakeguido & el Guincho,2018
El Guincho,latin,Yo Sigo Iual - Prod. Fakeguido & el Guincho,2018
Rvssian,latin,Ponle,2018
Farruko,latin,Ponle,2018
J Balvin,latin,Ponle,2018
Prince Royce,latin,Adicto (feat. Marc Anthony),2018
Marc Anthony,latin,Adicto (feat. Marc Anthony),2018
Elilluminari,latin,Perra,2018
Pyllo Cortes,latin,Por Volverme a Ver,2018
Daviles de Novelda,latin,Por Volverme a Ver,2018
Duki,latin,Fvck Luv,2018
C.R.O,latin,Fvck Luv,2018
Maikel Delacalle,latin,Amuleto,2018
Duki,latin,Quavo #Mododiablo,2018
YSY A,latin,Quavo #Mododiablo,2018
Neo Pistea,latin,Quavo #Mododiablo,2018
Unorthodocks,latin,Snapple Facts,2018
Funk.Shu,latin,Snapple Facts,2018
Taxi,latin,Grita,2018
Anne-Marie,latin,2002 - KREAM Remix,2018
KREAM,latin,2002 - KREAM Remix,2018
Alex Goot,latin,2002,2018
Kurt Hugo Schneider,latin,2002,2018
Jada Facer,latin,2002,2018
Los 40,latin,Friends,2018
J Balvin,latin,LA CANCIÓN,2019
Bad Bunny,latin,LA CANCIÓN,2019
JHAYCO,latin,No Me Conoce - Remix,2019
J Balvin,latin,No Me Conoce - Remix,2019
Bad Bunny,latin,No Me Conoce - Remix,2019
Myke Towers,latin,Si Se Da - Remix,2019
Farruko,latin,Si Se Da - Remix,2019
Arcángel,latin,Si Se Da - Remix,2019
Sech,latin,Si Se Da - Remix,2019
Zion,latin,Si Se Da - Remix,2019
Rauw Alejandro,latin,El Efecto,2019
Chencho Corleone,latin,El Efecto,2019
Rauw Alejandro,latin,El Efecto - Remix,2019
Chencho Corleone,latin,El Efecto - Remix,2019
KEVVO,latin,El Efecto - Remix,2019
Bryant Myers,latin,El Efecto - Remix,2019
Lyanno,latin,El Efecto - Remix,2019
Dalex,latin,El Efecto - Remix,2019
J Balvin,latin,QUE PRETENDES,2019
Bad Bunny,latin,QUE PRETENDES,2019
Rels B,latin,A Mí,2019
Rvfv,latin,Mirándote,2019
Ozuna,latin,Baila Baila Baila - Remix,2019
Daddy Yankee,latin,Baila Baila Baila - Remix,2019
J Balvin,latin,Baila Baila Baila - Remix,2019
Farruko,latin,Baila Baila Baila - Remix,2019
Anuel AA,latin,Baila Baila Baila - Remix,2019
Danny Ocean,latin,Me Rehúso,2019
ROSALÍA,latin,"Yo x Ti, Tu x Mi",2019
Ozuna,latin,"Yo x Ti, Tu x Mi",2019
Reik,latin,Me Niego (feat. Ozuna & Wisin),2019
Ozuna,latin,Me Niego (feat. Ozuna & Wisin),2019
Wisin,latin,Me Niego (feat. Ozuna & Wisin),2019
Anuel AA,latin,China,2019
Daddy Yankee,latin,China,2019
KAROL G,latin,China,2019
J Balvin,latin,China,2019
Ozuna,latin,China,2019
$kyhook,latin,A Escondidas,2019
Morad,latin,A Escondidas,2019
Lunay,latin,Soltera (Remix),2019
Daddy Yankee,latin,Soltera (Remix),2019
Bad Bunny,latin,Soltera (Remix),2019
Becky G,latin,Mayores,2019
Bad Bunny,latin,Mayores,2019
Tainy,latin,Adicto (with Anuel AA & Ozuna),2019
Anuel AA,latin,Adicto (with Anuel AA & Ozuna),2019
Ozuna,latin,Adicto (with Anuel AA & Ozuna),2019
Darell,latin,Velitas,2019
Brytiago,latin,Velitas,2019
Beéle,latin,Loco,2019
Don Patricio,latin,Contando Lunares (feat. Cruz Cafuné),2019
Cruz Cafuné,latin,Contando Lunares (feat. Cruz Cafuné),2019
Rvfv,latin,Prendio - Remix,2019
Omar Montes,latin,Prendio - Remix,2019
Daviles de Novelda,latin,Prendio - Remix,2019
Daddy Yankee,latin,Con Calma,2019
Snow,latin,Con Calma,2019
J Balvin,latin,UN PESO,2019
Bad Bunny,latin,UN PESO,2019
Marciano Cantero,latin,UN PESO,2019
C. Tangana,latin,No Te Debí Besar,2019
Paloma Mami,latin,No Te Debí Besar,2019
Jon Z,latin,Ella Te Las Va A Pegar (feat. Ele a el Dominio & Noriel),2019
Baby Rasta,latin,Ella Te Las Va A Pegar (feat. Ele a el Dominio & Noriel),2019
Ele A El Dominio,latin,Ella Te Las Va A Pegar (feat. Ele a el Dominio & Noriel),2019
Noriel,latin,Ella Te Las Va A Pegar (feat. Ele a el Dominio & Noriel),2019
Luis Fonsi,latin,Despacito,2019
Daddy Yankee,latin,Despacito,2019
Lunay,latin,A Solas (Remix),2019
Lyanno,latin,A Solas (Remix),2019
Anuel AA,latin,A Solas (Remix),2019
Brytiago,latin,A Solas (Remix),2019
Alex Rose,latin,A Solas (Remix),2019
Omar Montes,latin,Alocao (With Bad Gyal),2019
Bad Gyal,latin,Alocao (With Bad Gyal),2019
Maluma,latin,11 PM,2019
Paulo Londra,latin,Adan y Eva,2019
Reik,latin,Indeciso,2019
J Balvin,latin,Indeciso,2019
Lalo Ebratt,latin,Indeciso,2019
Bad Bunny,latin,Callaita,2019
Tainy,latin,Callaita,2019
DJ Luian,latin,Verte Ir,2019
Mambo Kingz,latin,Verte Ir,2019
Anuel AA,latin,Verte Ir,2019
Nicky Jam,latin,Verte Ir,2019
Darell,latin,Verte Ir,2019
Brytiago,latin,Verte Ir,2019
Myke Towers,latin,La Playa,2019
Sech,latin,Otro Trago - Remix,2019
Ozuna,latin,Otro Trago - Remix,2019
Anuel AA,latin,Otro Trago - Remix,2019
Darell,latin,Otro Trago - Remix,2019
Nicky Jam,latin,Otro Trago - Remix,2019
Myke Towers,latin,Inocente,2019
Paulo Londra,latin,Tal Vez,2019
Paulo Londra,latin,Nena Maldición (feat. Lenny Tavárez),2019
Lenny Tavárez,latin,Nena Maldición (feat. Lenny Tavárez),2019
JC Reyes,latin,Sola,2019
Manuel Turizo,latin,Una Lady Como Tú,2019
Luis Fonsi,latin,Échame La Culpa,2019
Demi Lovato,latin,Échame La Culpa,2019
Lunay,latin,Aventura,2019
Anuel AA,latin,Aventura,2019
Ozuna,latin,Aventura,2019
Bryant Myers,latin,Acapella,2019
Myke Towers,latin,Acapella,2019
Jon Z,latin,Acapella,2019
El Alfa,latin,Acapella,2019
Almighty,latin,Acapella,2019
KEVVO,latin,105 F Remix,2019
Farruko,latin,105 F Remix,2019
Chencho Corleone,latin,105 F Remix,2019
Arcángel,latin,105 F Remix,2019
Darell,latin,105 F Remix,2019
Ñengo Flow,latin,105 F Remix,2019
Brytiago,latin,105 F Remix,2019
Myke Towers,latin,105 F Remix,2019
Ele A El Dominio,latin,No Podemos - Remix,2019
Eladio Carrion,latin,No Podemos - Remix,2019
Myke Towers,latin,No Podemos - Remix,2019
Dalex,latin,Pa Mí (Remix),2019
Rafa Pabön,latin,Pa Mí (Remix),2019
KHEA,latin,Pa Mí (Remix),2019
Sech,latin,Pa Mí (Remix),2019
Feid,latin,Pa Mí (Remix),2019
Cazzu,latin,Pa Mí (Remix),2019
Lenny Tavárez,latin,Pa Mí (Remix),2019
Dalex,latin,Cuaderno,2019
Nicky Jam,latin,Cuaderno,2019
Justin Quiles,latin,Cuaderno,2019
Sech,latin,Cuaderno,2019
Lenny Tavárez,latin,Cuaderno,2019
Feid,latin,Cuaderno,2019
Rafa Pabön,latin,Cuaderno,2019
Danny Ocean,latin,Dembow,2019
Fred De Palma,latin,Se iluminaba,2019
Ana Mena,latin,Se iluminaba,2019
Bryant Myers,latin,Gan-Ga - Remix,2019
Anuel AA,latin,Gan-Ga - Remix,2019
Aventura,latin,Inmortal,2019
KAROL G,latin,Tusa,2019
Nicki Minaj,latin,Tusa,2019
Bryant Myers,latin,Ganas Sobran,2019
Miky Woodz,latin,Ganas Sobran,2019
Justin Quiles,latin,Ganas Sobran,2019
Danny Ocean,latin,Swing,2019
Khaled,latin,Mírame a la Cara,2019
Dayme y El High,latin,"Ajena (with Myke Towers, Dylan Fuentes)",2019
Myke Towers,latin,"Ajena (with Myke Towers, Dylan Fuentes)",2019
Dylan Fuentes,latin,"Ajena (with Myke Towers, Dylan Fuentes)",2019
Bad Gyal,latin,Zorra,2019
KAROL G,latin,Créeme,2019
Maluma,latin,Créeme,2019
Ele A El Dominio,latin,Codeine Crazy - Spanish Remix,2019
JHAYCO,latin,Imaginaste,2019
Tainy,latin,Imaginaste,2019
La Nueva Escuela,latin,La Rubia - Remix 2,2019
Omar Montes,latin,La Rubia - Remix 2,2019
Bad Gyal,latin,Santa María (Feat. Busy Signal),2019
Busy Signal,latin,Santa María (Feat. Busy Signal),2019
Anuel AA,latin,Secreto,2019
KAROL G,latin,Secreto,2019
Eladio Carrion,latin,Animal,2019
Bryant Myers,latin,Animal,2019
Chimbala,latin,Rueda,2019
Jon Z,latin,Si Me Gano Un Grammy,2019
Rauw Alejandro,latin,Detective,2019
Duki,latin,Goteo,2019
NATTI NATASHA,latin,La Mejor Versión de Mi - Remix,2019
Romeo Santos,latin,La Mejor Versión de Mi - Remix,2019
Mau y Ricky,latin,Desconocidos,2019
Manuel Turizo,latin,Desconocidos,2019
Camilo,latin,Desconocidos,2019
Chris Viz,latin,Diavla,2019
Young Vene,latin,Diavla,2019
Nicky Jam,latin,X,2019
J Balvin,latin,X,2019
KAROL G,latin,Culpables,2019
Anuel AA,latin,Culpables,2019
Ir Sais,latin,Dream Girl - Remix,2019
Rauw Alejandro,latin,Dream Girl - Remix,2019
J Balvin,latin,COMO UN BEBÉ,2019
Bad Bunny,latin,COMO UN BEBÉ,2019
Mr Eazi,latin,COMO UN BEBÉ,2019
GIMS,latin,Hola Señorita,2019
Maluma,latin,Hola Señorita,2019
Alex Rose,latin,Khalifa,2019
Almighty,latin,Khalifa,2019
Juhn,latin,Recuerdos - Remix,2019
Brytiago,latin,Recuerdos - Remix,2019
Myke Towers,latin,Recuerdos - Remix,2019
Lenny Tavárez,latin,Recuerdos - Remix,2019
Farruko,latin,Recuerdos - Remix,2019
KEVIN ROLDAN,latin,HASTA ABAJO,2019
Bryant Myers,latin,HASTA ABAJO,2019
Lyanno,latin,HASTA ABAJO,2019
Sech,latin,Que Mas Pues - Remix,2019
Justin Quiles,latin,Que Mas Pues - Remix,2019
Maluma,latin,Que Mas Pues - Remix,2019
Nicky Jam,latin,Que Mas Pues - Remix,2019
Farruko,latin,Que Mas Pues - Remix,2019
Dalex,latin,Que Mas Pues - Remix,2019
Lenny Tavárez,latin,Que Mas Pues - Remix,2019
ROSALÍA,latin,Con Altura,2019
J Balvin,latin,Con Altura,2019
El Guincho,latin,Con Altura,2019
Bryant Myers,latin,LowKey,2019
Rich Music LTD,latin,Porno,2019
Sech,latin,Porno,2019
Dalex,latin,Porno,2019
Justin Quiles,latin,Porno,2019
Lenny Tavárez,latin,Porno,2019
Feid,latin,Porno,2019
Noriel,latin,Cuerpo en Venta,2019
Myke Towers,latin,Cuerpo en Venta,2019
Rauw Alejandro,latin,Cuerpo en Venta,2019
Almighty,latin,Cuerpo en Venta,2019
Sebastian Yatra,latin,Vuelve,2019
Beret,latin,Vuelve,2019
Rich Music LTD,latin,Quizas,2019
Sech,latin,Quizas,2019
Dalex,latin,Quizas,2019
Justin Quiles,latin,Quizas,2019
Lenny Tavárez,latin,Quizas,2019
Feid,latin,Quizas,2019
Wisin,latin,Quizas,2019
Zion,latin,Quizas,2019
Rauw Alejandro,latin,Fantasias,2019
Farruko,latin,Fantasias,2019
Luis Fonsi,latin,Imposible,2019
Ozuna,latin,Imposible,2019
Becky G,latin,Sin Pijama,2019
NATTI NATASHA,latin,Sin Pijama,2019
Guitarricadelafuente,latin,Abc,2019
Bad Bunny,latin,Vete,2019
KAROL G,latin,Ocean,2019
Rvssian,latin,B11 (feat. Myke Towers),2019
Darell,latin,B11 (feat. Myke Towers),2019
Zion & Lennox,latin,B11 (feat. Myke Towers),2019
Myke Towers,latin,B11 (feat. Myke Towers),2019
Myke Towers,latin,Traicionera,2019
Chimbala,latin,El Boom,2019
C. Tangana,latin,Pa' Llamar Tu Atención (feat. MC Bin Laden),2019
MC Bin Laden,latin,Pa' Llamar Tu Atención (feat. MC Bin Laden),2019
Manuel Turizo,latin,Culpables,2019
Dalex,latin,Hola - Remix,2019
Lenny Tavárez,latin,Hola - Remix,2019
Chencho Corleone,latin,Hola - Remix,2019
Juhn,latin,Hola - Remix,2019
Dímelo Flow,latin,Hola - Remix,2019
DELLAFUENTE,latin,París,2019
C. Tangana,latin,París,2019
Lunay,latin,La Cama,2019
Myke Towers,latin,La Cama,2019
Sean Paul,latin,Contra La Pared,2019
J Balvin,latin,Contra La Pared,2019
Nio Garcia,latin,Mírame - Remix,2019
Rauw Alejandro,latin,Mírame - Remix,2019
Lenny Tavárez,latin,Mírame - Remix,2019
Myke Towers,latin,Mírame - Remix,2019
Casper Magico,latin,Mírame - Remix,2019
Darell,latin,Mírame - Remix,2019
Nicky Jam,latin,Te Robaré,2019
Ozuna,latin,Te Robaré,2019
Juhn,latin,Recuerdos,2019
Farruko,latin,Delincuente,2019
Anuel AA,latin,Delincuente,2019
Kendo Kaponi,latin,Delincuente,2019
Amenazzy,latin,No Tenemos Nada,2019
Myke Towers,latin,No Tenemos Nada,2019
Sech,latin,Otro Trago,2019
Darell,latin,Otro Trago,2019
Almighty,latin,Fluye,2019
FlowZeta,latin,Vamos Pa la Playa,2019
Daviles de Novelda,latin,Vamos Pa la Playa,2019
Alvaro Soler,latin,La Cintura,2019
Rauw Alejandro,latin,Al Mismo Tiempo,2019
Manuel Turizo,latin,Te Quemaste,2019
Anuel AA,latin,Te Quemaste,2019
Darell,latin,Caliente,2019
Farruko,latin,Caliente,2019
El Alfa,latin,Dembow y Reggaeton,2019
Yandel,latin,Dembow y Reggaeton,2019
Myke Towers,latin,Dembow y Reggaeton,2019
Juan Magán,latin,Usted,2019
Mala Rodríguez,latin,Usted,2019
Rels B,latin,Mejor No Nos Vemos,2019
Paulo Londra,latin,Chica Paranormal,2019
Jon Z,latin,Salgo a Buscarte,2019
Eladio Carrion,latin,Salgo a Buscarte,2019
Boy Wonder CF,latin,Salgo a Buscarte,2019
Ele A El Dominio,latin,Salgo a Buscarte,2019
Jey Blessing,latin,Suave - Remix,2019
Rauw Alejandro,latin,Suave - Remix,2019
Los Fantastikos,latin,Suave - Remix,2019
Justin Quiles,latin,"DJ No Pare (feat. Zion, Dalex, Lenny Tavárez) - Remix",2019
NATTI NATASHA,latin,"DJ No Pare (feat. Zion, Dalex, Lenny Tavárez) - Remix",2019
Farruko,latin,"DJ No Pare (feat. Zion, Dalex, Lenny Tavárez) - Remix",2019
Lenny Tavárez,latin,"DJ No Pare (feat. Zion, Dalex, Lenny Tavárez) - Remix",2019
Dalex,latin,"DJ No Pare (feat. Zion, Dalex, Lenny Tavárez) - Remix",2019
Zion,latin,"DJ No Pare (feat. Zion, Dalex, Lenny Tavárez) - Remix",2019
Sech,latin,Boomerang,2019
Bryant Myers,latin,Bandolera,2019
Alex Rose,latin,Bandolera,2019
Dalex,latin,Yo No Me Enamoro,2019
Justin Quiles,latin,Yo No Me Enamoro,2019
Sech,latin,Miss Lonely - Dimelo Flow Remix,2019
Justin Quiles,latin,Miss Lonely - Dimelo Flow Remix,2019
De La Ghetto,latin,Miss Lonely - Dimelo Flow Remix,2019
Dímelo Flow,latin,Miss Lonely - Dimelo Flow Remix,2019
JC Reyes,latin,Si Me Muero,2019
El Daddy,latin,Si Me Muero,2019
Becky G,latin,Cuando Te Besé,2019
Paulo Londra,latin,Cuando Te Besé,2019
Arcángel,latin,Infeliz,2019
Bad Bunny,latin,Infeliz,2019
C. Tangana,latin,Ontas?,2019
Bizarrap,latin,"Trueno: Bzrp Freestyle Sessions, Vol. 6",2019
Trueno,latin,"Trueno: Bzrp Freestyle Sessions, Vol. 6",2019
Jay Wheeler,latin,Me Enamoré,2019
DJ Nelson,latin,Me Enamoré,2019
Bad Gyal,latin,Hookah,2019
Kaydy Cain,latin,Algo Como Tú,2019
Los del Control,latin,Algo Como Tú,2019
Kevin Kaarl,latin,San Lucas,2019
Rich Music LTD,latin,Imaginate,2019
Sech,latin,Imaginate,2019
Dalex,latin,Imaginate,2019
Justin Quiles,latin,Imaginate,2019
Lenny Tavárez,latin,Imaginate,2019
Feid,latin,Imaginate,2019
Cazzu,latin,Imaginate,2019
Paulo Londra,latin,Por Eso Vine,2019
KHEA,latin,Sola,2019
Myke Towers,latin,Sola,2019
Dayme y El High,latin,Sola,2019
Alex Rose,latin,Sola,2019
DJ Snake,latin,Loco Contigo (feat. J. Balvin & Tyga),2019
J Balvin,latin,Loco Contigo (feat. J. Balvin & Tyga),2019
Tyga,latin,Loco Contigo (feat. J. Balvin & Tyga),2019
D' La Crem,latin,X.O.X.O. (feat. Rvfv & Chiki El De La Vaina) - Remix,2019
Rvfv,latin,X.O.X.O. (feat. Rvfv & Chiki El De La Vaina) - Remix,2019
Chiki El De La Vaina,latin,X.O.X.O. (feat. Rvfv & Chiki El De La Vaina) - Remix,2019
Miky Woodz,latin,Forever Happy,2019
Juhn,latin,Forever Happy,2019
Juan Magán,latin,Déjate Llevar,2019
Belinda,latin,Déjate Llevar,2019
Manuel Turizo,latin,Déjate Llevar,2019
Snova,latin,Déjate Llevar,2019
B-Case,latin,Déjate Llevar,2019
Cazzu,latin,Nada,2019
Lyanno,latin,Nada,2019
Rauw Alejandro,latin,Nada,2019
Dalex,latin,Nada,2019
Chema Rivas,latin,Mil Tequilas,2019
Dayvi,latin,Baila Conmigo (feat. Kelly Ruiz),2019
Victor Cardenas,latin,Baila Conmigo (feat. Kelly Ruiz),2019
Kelly Ruíz,latin,Baila Conmigo (feat. Kelly Ruiz),2019
KEVIN ROLDAN,latin,PPP,2019
Jay Wheeler,latin,Dime Que Sí,2019
DJ Nelson,latin,Dime Que Sí,2019
Natos y Waor,latin,Dispuestos a morir,2019
Homer El Mero Mero,latin,Dispuestos a morir,2019
C.R.O,latin,Dispuestos a morir,2019
Bardero$,latin,Dispuestos a morir,2019
Rita Payés,latin,Algo contigo,2019
Elisabeth Roma,latin,Algo contigo,2019
Alex Rose,latin,Me Odias?,2019
Paulo Londra,latin,Forever Alone,2019
Javiielo,latin,Pa Los Gustos Los Colores,2019
Rauw Alejandro,latin,Encima De Mi,2019
Darell,latin,Encima De Mi,2019
Lunay,latin,Llégale,2019
Zion & Lennox,latin,Llégale,2019
Maluma,latin,HP,2019
El Completo Rd,latin,Una Mala - Remix,2019
Chimbala,latin,Una Mala - Remix,2019
Cotorra Music Grup,latin,Una Mala - Remix,2019
DJ Snake,latin,"Taki Taki (feat. Selena Gomez, Ozuna & Cardi B)",2019
Selena Gomez,latin,"Taki Taki (feat. Selena Gomez, Ozuna & Cardi B)",2019
Ozuna,latin,"Taki Taki (feat. Selena Gomez, Ozuna & Cardi B)",2019
Cardi B,latin,"Taki Taki (feat. Selena Gomez, Ozuna & Cardi B)",2019
Eloy,latin,Fuera Del Planeta (Remix),2019
Randy Nota Loca,latin,Fuera Del Planeta (Remix),2019
Zion,latin,Fuera Del Planeta (Remix),2019
Jowell & Randy,latin,Fuera Del Planeta (Remix),2019
Myke Towers,latin,Ganga - Young Kingz Version,2019
Casper Magico,latin,No Te Veo - Remix,2019
Anuel AA,latin,No Te Veo - Remix,2019
Kevin Kaarl,latin,Vámonos a Marte,2019
Bandaga,latin,Como Tu,2019
Christian Nodal,latin,De Los Besos Que Te Di,2019
Sech,latin,Falsas Promesas,2019
JHAYCO,latin,Costear,2019
Almighty,latin,Costear,2019
Rich Music LTD,latin,Perreo en La Luna,2019
Sech,latin,Perreo en La Luna,2019
Dalex,latin,Perreo en La Luna,2019
Justin Quiles,latin,Perreo en La Luna,2019
Lenny Tavárez,latin,Perreo en La Luna,2019
Feid,latin,Perreo en La Luna,2019
Myke Towers,latin,Rutina,2019
Nicky Jam,latin,Whine Up,2019
Anuel AA,latin,Whine Up,2019
Danny Ocean,latin,Cuando Me Acerco A Ti,2019
Manuel Turizo,latin,Esperándote,2019
Atomic Otro Way,latin,Prendela,2019
rusowsky,latin,So So,2019
Ceky Viciny,latin,Ellos,2019
Joey Montana,latin,Suena El Dembow,2019
Sebastian Yatra,latin,Suena El Dembow,2019
Ñejo,latin,Mi Estilo de Vida,2019
Kenai,latin,Mi Estilo de Vida,2019
Romeo Santos,latin,El Beso Que No Le Di,2019
Kiko Rodriguez,latin,El Beso Que No Le Di,2019
Almighty,latin,Abusadora,2019
Rauw Alejandro,latin,Abusadora,2019
Lyanno,latin,Abusadora,2019
Myke Towers,latin,Abusadora,2019
Paulo Londra,latin,Homerun (Intro),2019
Ozuna,latin,Baila Baila Baila,2019
La Suprema Corte,latin,Escombros,2019
Enrique Iglesias,latin,Loco,2019
Romeo Santos,latin,Loco,2019
Neo Pistea,latin,"Tumbando el Club (feat. C.R.O, Obiewanshot, YSY A, Cazzu, KHEA, Lucho SSJ, Coqeéin Montana, Marcianos Crew & Duki) - Remix",2019
C.R.O,latin,"Tumbando el Club (feat. C.R.O, Obiewanshot, YSY A, Cazzu, KHEA, Lucho SSJ, Coqeéin Montana, Marcianos Crew & Duki) - Remix",2019
Obie Wanshot,latin,"Tumbando el Club (feat. C.R.O, Obiewanshot, YSY A, Cazzu, KHEA, Lucho SSJ, Coqeéin Montana, Marcianos Crew & Duki) - Remix",2019
YSY A,latin,"Tumbando el Club (feat. C.R.O, Obiewanshot, YSY A, Cazzu, KHEA, Lucho SSJ, Coqeéin Montana, Marcianos Crew & Duki) - Remix",2019
Cazzu,latin,"Tumbando el Club (feat. C.R.O, Obiewanshot, YSY A, Cazzu, KHEA, Lucho SSJ, Coqeéin Montana, Marcianos Crew & Duki) - Remix",2019
KHEA,latin,"Tumbando el Club (feat. C.R.O, Obiewanshot, YSY A, Cazzu, KHEA, Lucho SSJ, Coqeéin Montana, Marcianos Crew & Duki) - Remix",2019
Lucho SSJ,latin,"Tumbando el Club (feat. C.R.O, Obiewanshot, YSY A, Cazzu, KHEA, Lucho SSJ, Coqeéin Montana, Marcianos Crew & Duki) - Remix",2019
Coqeéin Montana,latin,"Tumbando el Club (feat. C.R.O, Obiewanshot, YSY A, Cazzu, KHEA, Lucho SSJ, Coqeéin Montana, Marcianos Crew & Duki) - Remix",2019
Marcianos Crew,latin,"Tumbando el Club (feat. C.R.O, Obiewanshot, YSY A, Cazzu, KHEA, Lucho SSJ, Coqeéin Montana, Marcianos Crew & Duki) - Remix",2019
Duki,latin,"Tumbando el Club (feat. C.R.O, Obiewanshot, YSY A, Cazzu, KHEA, Lucho SSJ, Coqeéin Montana, Marcianos Crew & Duki) - Remix",2019
Ptazeta,latin,Mami,2019
Juacko,latin,Mami,2019
Darell,latin,No Vuelvas Más,2019
Dalex,latin,Bellaquita,2019
Lenny Tavárez,latin,Bellaquita,2019
Sebastian Yatra,latin,En Guerra,2019
Camilo,latin,En Guerra,2019
Danny Ocean,latin,Dime tú,2019
ROSALÍA,latin,Aute Cuture,2019
JHAYCO,latin,Easy,2019
Danny Ocean,latin,Vuelve,2019
Bad Bunny,latin,Estamos Arriba,2019
Myke Towers,latin,Estamos Arriba,2019
Yeison Jimenez,latin,Maldita Traga,2019
Ozuna,latin,Cambio,2019
Anuel AA,latin,Cambio,2019
Sticky M.A.,latin,Piensa en Mí,2019
Steve Lean,latin,Piensa en Mí,2019
Duki,latin,Piensa en Mí,2019
Rich Music LTD,latin,Feel Me,2019
Sech,latin,Feel Me,2019
Dalex,latin,Feel Me,2019
Justin Quiles,latin,Feel Me,2019
Lenny Tavárez,latin,Feel Me,2019
Feid,latin,Feel Me,2019
Mariah Angeliq,latin,Feel Me,2019
Kevin Kaarl,latin,Colapso,2019
Justin Quiles,latin,Impulsivo (feat. Manuel Turizo),2019
Manuel Turizo,latin,Impulsivo (feat. Manuel Turizo),2019
Almighty,latin,Guerra,2019
Musicologo The Libro,latin,En Filita Cooperando - Remix,2019
Shadow Blow,latin,En Filita Cooperando - Remix,2019
La Insuperable,latin,En Filita Cooperando - Remix,2019
Tapia El Sikario,latin,En Filita Cooperando - Remix,2019
Eduarny Morales,latin,En Filita Cooperando - Remix,2019
Romeo Santos,latin,Canalla,2019
El Chaval de la Bachata,latin,Canalla,2019
Maffio,latin,Cristina (feat. Shelow Shaq),2019
Justin Quiles,latin,Cristina (feat. Shelow Shaq),2019
Nacho,latin,Cristina (feat. Shelow Shaq),2019
Shelow Shaq,latin,Cristina (feat. Shelow Shaq),2019
Princesa Alba,latin,Convéncete,2019
J Balvin,latin,MOJAITA,2019
Bad Bunny,latin,MOJAITA,2019
J Balvin,latin,ODIO,2019
Bad Bunny,latin,ODIO,2019
Bryant Myers,latin,No Ando Solo,2019
Miky Woodz,latin,No Ando Solo,2019
Casper Magico,latin,Fantasmita - Remix,2019
Bryant Myers,latin,Fantasmita - Remix,2019
Alex Rose,latin,Fantasmita - Remix,2019
Juhn,latin,Fantasmita - Remix,2019
Jessi Uribe,latin,Dulce Pecado,2019
Leoni Torres,latin,Me Quedo Contigo,2019
Paulo Londra,latin,Solo Pienso En Ti (feat. De La Ghetto & Justin Quiles),2019
De La Ghetto,latin,Solo Pienso En Ti (feat. De La Ghetto & Justin Quiles),2019
Justin Quiles,latin,Solo Pienso En Ti (feat. De La Ghetto & Justin Quiles),2019
Micro TDH,latin,Dime Cuantas Veces,2019
Rels B,latin,Dime Cuantas Veces,2019
Danny Ocean,latin,Báilame,2019
Luis Fonsi,latin,Calypso,2019
Stefflon Don,latin,Calypso,2019
Feid,latin,Sígueme - Remix,2019
Sech,latin,Sígueme - Remix,2019
Noriel,latin,Piropo,2019
Marc Anthony,latin,Parecen Viernes,2019
Farruko,latin,La Cartera,2019
Bad Bunny,latin,La Cartera,2019
J Balvin,latin,YO LE LLEGO,2019
Bad Bunny,latin,YO LE LLEGO,2019
KAROL G,latin,Pineapple,2019
Brytiago,latin,Controla,2019
Anuel AA,latin,Controla,2019
Kidd Keo,latin,Moon Talk,2019
Santa Fe Klan,latin,Te Ire A Buscar,2019
Nanpa Básico,latin,Te Ire A Buscar,2019
Rvfv,latin,Apriétala,2019
Pablo Mas,latin,Apriétala,2019
Teejayx6,latin,Dynamic Duo 2 (feat. Kasher Quon),2019
Kasher Quon,latin,Dynamic Duo 2 (feat. Kasher Quon),2019
Teejayx6,latin,Dynamic Duo 2 (feat. Kasher Quon),2019
Kasher Quon,latin,Dynamic Duo 2 (feat. Kasher Quon),2019
Famous,latin,2004,2019
Scarlett Miller,latin,2002,2019
